{
    "wallpaper": "https://api.ixiaowai.cn/gqapi/gqapi.php",
    "sites":[
    {"key": "js_db","name": "🔥豆瓣热搜┃DR","type":3,"api":"./libs/drpy.min.js","searchable": 0,"quickSearch": 0,"filterable": 0,"ext":"./js/db.js"},
    {"key": "csp_XBPQ农民","name": "🌾农民","type": 3,"api": "csp_XBPQ","searchable": 1,"quickSearch": 1,"filterable": 1,"ext": "./xBPQ/农民影视.json"},
    {"key":"快看","name":"👀快看","type":3,"api":"csp_Kuaikan","searchable":1,"quickSearch":1,"filterable":1},
    {"key":"AppTT","name":"🐰图图","type": 3,"api":"csp_AppTT","searchable":1,"quickSearch":1,"filterable":1,"ext":"http://124.248.66.107:9955"},
    {"key":"csp_XBPQ_饭团","name":"️🍙饭团","type": 3,"api": "csp_XBPQ","searchable": 1,"quickSearch": 1,"filterable": 0,"ext": "./xBPQ/饭团影视.json"},
    {"key":"csp_Ysgc","name":"🏢工厂","type":3,"api":"csp_Ysgc","searchable":1,"quickSearch":1,"filterable":1},
    {"key":"csp_panghu","name":"🐯胖虎","type":3,"api":"csp_Panghu","searchable":1,"quickSearch":1,"filterable":1},
    {"key":"csp_BuLei","name":"🎪布雷","type":3,"api":"csp_BuLei","searchable":1,"quickSearch":1,"filterable":1},
    {"key":"csp_XBPQ_乐猪影视","name":"🐷乐猪","type":3,"api":"csp_XBPQ","searchable":1,"quickSearch":1,"filterable":0,"ext":"./xBPQ/乐猪TV.json"},
    {"key":"csp_1010","name":"🎉双十","type":3,"api":"csp_Dy1010","searchable":1,"quickSearch":1,"filterable":1},
    {"key":"csp_Lgyy","name":"🌀蓝光","type":3,"api":"csp_Lgyy","searchable":1,"quickSearch":1,"filterable":1},
    {"key":"csp_Nkdy","name":"🗽耐看","type":3,"api":"csp_Nkdy","searchable":1,"quickSearch":1,"filterable":1},
    {"key":"csp_DiDuan","name":"🛣低端","type":3,"api":"csp_Ddys","searchable":1,"quickSearch":1,"filterable":1},
    {"key":"csp_Czsapp","name":"🏭厂长","type":3,"api":"csp_Czsapp","searchable":1,"quickSearch":1,"filterable":1},
    {"key":"csp_Kunyu77","name":"🏳️‍🌈七七","type":3,"api":"csp_Kunyu77","searchable":1,"quickSearch":1,"filterable":1},
    {"key":"csp_Bd","name":"📯哔嘀","type":3,"api":"csp_Bdys01","searchable":1,"quickSearch":1,"filterable":1},
    {"key":"csp_Xinsj","name":"🐦视觉","type":3,"api":"csp_Xinsj","searchable":1,"quickSearch":1,"filterable":1},
    {"key":"csp_Smdyy","name":"🦄神马","type":3,"api":"csp_Smdyy","searchable":1,"quickSearch":1,"filterable":1},
    {"key":"小苹果","name":"🍎小苹果","type":3,"api":"csp_LiteApple","searchable":1,"quickSearch":1,"filterable":1},
    {"key":"Voflix","name":"📦Voflix","type":3,"api":"csp_Voflix","searchable":1,"quickSearch":1,"filterable":1},
    {"key":"csp_LibVio","name":"🍒LibVio","type":3,"api":"csp_Lib","searchable":1,"quickSearch":1,"filterable":1},
    {"key":"csp_Cokemv","name":"🎀Cokemv","type":3,"api":"csp_Cokemv","searchable":1,"quickSearch":1,"filterable":1},
    {"key":"csp_SPAuete","name":"🐼Auete","type":3,"api":"csp_Auete","searchable":1,"quickSearch":1,"filterable":1},
    {"key":"csp_Bttoo","name":"✌Bttoo","type":3,"api":"csp_Bttoo","searchable":1,"quickSearch":1,"filterable":1},
    {"key":"csp_剧荒","name":"👿剧荒","type":3,"api":"csp_Juhuang","searchable":1,"quickSearch":1,"filterable":1},
    {"key":"mjxq_spider","name":"🌏美剧","type":3,"api":"csp_Mjxq","searchable":1,"quickSearch":1,"filterable":1},
    {"key":"csp_Dm84","name":"🌸动漫","type":3,"api":"csp_Dm84","searchable":1,"quickSearch":1,"filterable":1},
    {"key":"360_spider","name":"💫360","api":"csp_SP360","type":3,"filterable":1,"quickSearch":1,"searchable":1},
    {"key":"MGT","name":"🍋芒果","type":3,"api":"csp_Mgtv","searchable":1,"quickSearch":1,"filterable":1},
    {"key":"csp_IQIYI","name":"🥝爱奇艺","type":3,"api":"csp_IQIYI","searchable":1,"quickSearch":1,"filterable":1},
    {"key": "csp_BBB","name": "🅱️哔哩","type": 3,"api": "csp_Bili","searchable": 1,"quickSearch": 0,"filterable": 1,"ext": "./paper/BILI.json"},
    {"key": "演唱会","name": "🎸演唱会","type": 3,"api": "csp_Bili","searchable": 0,"quickSearch": 0,"filterable": 1,"ext": "./paper/演唱会.json"},
    {"key":"csp_Yj1211","name":"📸直播","type":3,"api":"csp_Yj1211","searchable":1,"quickSearch":1,"filterable":0},
    {"key":"csp_AList","name":"🗂Alist┃SP","type":3,"api":"csp_Alist","searchable":1,"quickSearch":0,"filterable":0,"ext":"./paper/Alist.json"},
    {"key":"drpy_js_Alist","name":"📂Alist┃DR","type":3,"api":"./libs/alist.min.js","ext":"./js/alist.json"},
    {"key":"csp_Gitcafe","name":"🔖纸条┃云盘","type":3,"api":"csp_Gitcafe","searchable":1,"quickSearch":1,"filterable":1,"ext":"./paper/token.txt"},
    {"key":"csp_Paper","name":"📜纸条┃云盘","type":3,"api":"csp_Paper","searchable":1,"quickSearch":1,"filterable":1,"ext":"./paper/token.txt"},
    {"key":"csp_Upyunso","name":"🌦云搜","type":3,"api":"csp_Upyunso","playerType":1,"searchable":1,"quickSearch":1,"filterable":0,"ext":"./paper/token.txt"},
    {"key":"csp_Yiso","name":"🎯易搜","type":3,"api":"csp_Yisou","playerType":2,"searchable":1,"quickSearch":1,"filterable":0,"ext":"./paper/token.txt"},
    {"key":"push_agent","name":"📨推送","type":3,"api":"csp_PushAgent","playerType":2,"searchable":1,"quickSearch":1,"filterable":0,"ext":"./paper/token.txt"},    
    
    {"key": "csp_GXPathimy","name": "👒Gimy影院┃XPF","type": 3,"api": "csp_XPathMacFilter","searchable": 1,"quickSearch": 1,"filterable": 1,"ext": "./paper/Gimy2.json"},
    {"key": "csp_XPath达达龟","name":"🐢达达龟┃XPF","type":3,"api":"csp_XPathFilter","searchable":1,"quickSearch":1,"filterable":1,"ext":"./paper/达达龟.json"},
    {"key":"csp_xpath_94sm","name":"🐴94神马┃XPF","type":3,"api":"csp_XPath","searchable":1,"quickSearch":1,"filterable":0,"ext":"./paper/94神马.json"},
    {"key": "csp_348z","name":"🌸348电影┃XPF","type":3,"api":"csp_XPathFilter","searchable":1,"quickSearch":1,"filterable":1,"ext":"./paper/348z.json"},
    {"key":"csp_xpath_qiumi","name":"🏀Jrs球迷(注意直播时间)","type": 3,"api": "csp_XPath","searchable": 0,"quickSearch": 0,"filterable":0,"ext": "./paper/Jrs球迷.json"},
    {"key": "csp_XYQHiker_柠檬TV","name": "🍋柠檬TV┃XYQH","type": 3,"api": "csp_XYQHiker","searchable": 1,"quickSearch": 1,"filterable": 1,"ext": "./XYQH/柠檬TV.json"},

    {"key": "csp_Biubiu_600影视","name":"🤘600影视┃XB","type":3,"api":"csp_XBiu","searchable":1,"quickSearch":1,"filterable":0,"ext":"http://www.600dvd.com/list/{cateId}_1_desc__0_0___.html"},
    {"key": "csp_XBiu_影视之光","name": "️📼影视之光┃XB","type": 3,"api": "csp_XBiu","searchable": 1,"quickSearch": 1,"filterable": 1,"ext": "http://www.8kvod.com/t/{cateId}"},
     
    {"key" : "drpy_js_360影视","name" : "💫360┃DR","type" : 3,"api" : "./libs/drpy.min.js","ext" : "./js/360影视.js"},
    {"key" : "drpy_js_爱奇艺","name" : "🥝爱奇艺┃DR","type" : 3,"api" : "./libs/drpy.min.js","ext" : "./js/奇珍异兽.js"},
    {"key" : "drpy_js_优酷","name" : "优酷┃DR","type" : 3,"api" : "./libs/drpy.min.js","ext" : "./js/优酷.js"},
    {"key" : "drpy_js_腾讯","name" : "🐧腾讯┃DR","type" : 3,"api" : "./libs/drpy.min.js","ext" : "./js/腾云驾雾.js"},
    {"key" : "drpy_js_芒果","name" : "🍋芒果┃DR","type" : 3,"api" : "./libs/drpy.min.js","ext" : "./js/百忙无果.js"},
    {"key" : "drpy_js_搜狗","name" : "🐺搜狗┃DR","type" : 3,"api" : "./libs/drpy.min.js","ext" : "./js/菜狗.js"},
    {"key" : "drpy_js_LIBVIO","name" : "🍒LIBVIO┃DR","type" : 3,"api" : "./libs/drpy.min.js","ext" : "./js/LIBVIO.js"},
    {"key" : "drpy_js_Voflix","name" : "📦Voflix┃DR","type" : 3,"api" : "./libs/drpy.min.js","ext" : "./js/Voflix.js"},
    {"key" : "drpy_js_DJ音乐","name" : "🎼DJ音乐┃DR","type" : 3,"api" : "./libs/drpy.min.js","ext" : "./js/DJ音乐.js","playerType" :"2"},
    {"key" : "drpy_js_爱车MV","name" : "🚗爱车MV┃DR","type" : 3,"api" : "./libs/drpy.min.js","ext" : "./js/爱车MV.js"},
    {"key" : "drpy_js_310直播","name" : "📡310直播┃DR","type" : 3,"api" : "./libs/drpy.min.js","ext" : "./js/310直播.js"},
    {"key" : "drpy_js_348电影","name" : "📹348电影┃DR","type" : 3,"api" : "./libs/drpy.min.js","ext" : "./js/348电影网.js"},
    {"key" : "drpy_js_爱看影视","name" : "❤爱看影视┃DR","type" : 3,"api" : "./libs/drpy.min.js","ext" : "./js/爱看影视.js"},
    {"key" : "drpy_js_爱迪影视","name" : "☪爱迪影视┃DR","type" : 3,"api" : "./libs/drpy.min.js","ext" : "./js/爱迪影视.js"},
    {"key" : "drpy_js_布雷蓝光","name" : "🎪布雷蓝光┃DR","type" : 3,"api" : "./libs/drpy.min.js","ext" : "./js/布雷蓝光.js"},
    {"key" : "drpy_js_哔哩影视","name" : "🎈哔哩影视┃DR","type" : 3,"api" : "./libs/drpy.min.js","ext" : "./js/哔哩影视.js"},
    {"key" : "drpy_js_八蛋影视","name" : "🍳八蛋影视┃DR","type" : 3,"api" : "./libs/drpy.min.js","ext" : "./js/八蛋影视.js"},
    {"key" : "drpy_js_厂长资源","name" : "🏭厂长资源┃DR","type" : 3,"api" : "./libs/drpy.min.js","ext" : "./js/厂长资源.js"},
    {"key" : "drpy_js_尘落影视","name" : "👾尘落影视┃DR","type" : 3,"api" : "./libs/drpy.min.js","ext" : "./js/尘落影视.js"},
    {"key" : "drpy_js_大米星球","name" : "🌽大米星球┃DR","type" : 3,"api" : "./libs/drpy.min.js","ext" : "./js/大米星球.js"},
    {"key" : "drpy_js_大猪蹄子","name" : "🐷大猪蹄子┃DR","type" : 3,"api" : "./libs/drpy.min.js","ext" : "./js/大猪蹄子.js"},
    {"key" : "drpy_js_独播库","name" : " 💿独播库┃DR","type" : 3,"api" : "./libs/drpy.min.js","ext" : "./js/独播库.js"},
    {"key" : "drpy_js_饭团影视","name" : "🍚饭团影视┃DR","type" : 3,"api" : "./libs/drpy.min.js","ext" : "./js/饭团影视.js"},
    {"key" : "drpy_js_干饭影视","name" : "🍚干饭影视┃DR","type" : 3,"api" : "./libs/drpy.min.js","ext" : "./js/干饭影视.js"},
    {"key" : "drpy_js_金曼影视","name" : "💳金曼影视┃DR","type" : 3,"api" : "./libs/drpy.min.js","ext" : "./js/金曼影视.js"},
    {"key" : "drpy_js_剧荒","name" : "👿剧荒TV┃DR","type" : 3,"api" : "./libs/drpy.min.js","ext" : "./js/剧荒.js"},
    {"key" : "drpy_js_看看电影","name" : "👀看看电影┃DR","type" : 3,"api" : "./libs/drpy.min.js","ext" : "./js/看看电影.js"},
    {"key" : "drpy_js_看了么","name" : "👓看了么┃DR","type" : 3,"api" : "./libs/drpy.min.js","ext" : "./js/看了么.js"},
    {"key" : "drpy_js_酷云77","name" : "🌈酷云77┃DR","type" : 3,"api" : "./libs/drpy.min.js","ext" : "./js/酷云77.js"},
    {"key" : "drpy_js_快看","name" : "👀快看影视┃DR","type" : 3,"api" : "./libs/drpy.min.js","ext" : "./js/快看.js"},
    {"key" : "drpy_js_来看点播","name" : "🐬来看点播┃DR","type" : 3,"api" : "./libs/drpy.min.js","ext" : "./js/来看点播.js"},
    {"key" : "drpy_js_蓝光影院","name" : "🌀蓝光影院┃DR","type" : 3,"api" : "./libs/drpy.min.js","ext" : "./js/蓝光影院.js"},
    {"key" : "drpy_js_量子影视","name" : "☀量子影视┃DR","type" : 3,"api" : "./libs/drpy.min.js","ext" : "./js/量子影视.js"},
    {"key" : "drpy_js_落攻阁","name" : " 😹落攻阁┃DR","type" : 3,"api" : "./libs/drpy.min.js","ext" : "./js/落攻阁影视.js"},
    {"key" : "drpy_js_南柯影视","name" : "💐耐看影视┃DR","type" : 3,"api" : "./libs/drpy.min.js","ext" : "./js/南柯电影网.js"},
    {"key" : "drpy_js_诺讯影视","name" : "📲诺讯影视┃DR","type" : 3,"api" : "./libs/drpy.min.js","ext" : "./js/诺讯影视.js"},
    {"key" : "drpy_js_胖虎","name" : "🐯胖虎影视┃DR","type" : 3,"api" : "./libs/drpy.min.js","ext" : "./js/胖虎.js"},
    {"key" : "drpy_js_趣享星趣","name" : "🏩趣享星趣┃DR","type" : 3,"api" : "./libs/drpy.min.js","ext" : "./js/趣享星趣.js"},
    {"key" : "drpy_js_热播库","name" : "🎆热播库┃DR","type" : 3,"api" : "./libs/drpy.min.js","ext" : "./js/热播库.js"},
    {"key" : "drpy_js_盛世电影","name" : "🌅盛世电影┃DR","type" : 3,"api" : "./libs/drpy.min.js","ext" : "./js/盛世电影网.js"},
    {"key" : "drpy_js_石榴影院","name" : "🍃石榴影院┃DR","type" : 3,"api" : "./libs/drpy.min.js","ext" : "./js/石榴影院.js"},
    {"key" : "drpy_js_首播影院","name" : "⛵首播影院┃DR","type" : 3,"api" : "./libs/drpy.min.js","ext" : "./js/首播影院.js"},
    {"key" : "drpy_js_双十电影","name" : "🎉双十电影┃DR","type" : 3,"api" : "./libs/drpy.min.js","ext" : "./js/双十电影.js"},
    {"key" : "drpy_js_思乐影视","name" : "🍝思乐影视┃DR","type" : 3,"api" : "./libs/drpy.min.js","ext" : "./js/思乐影视.js"},
    {"key" : "drpy_js_天空影视","name" : "⛅天空影视┃DR","type" : 3,"api" : "./libs/drpy.min.js","ext" : "./js/天空影视.js"},
    {"key" : "drpy_js_歪片星球","name" : "🏰歪片星球┃DR","type" : 3,"api" : "./libs/drpy.min.js","ext" : "./js/歪片星球.js"},
    {"key" : "drpy_js_溪谷影视","name" : "🌉溪谷影视┃DR","type" : 3,"api" : "./libs/drpy.min.js","ext" : "./js/溪谷影视.js"},
    {"key" : "drpy_js_蜥蜴影视","name" : "🏯蜥蜴影视┃DR","type" : 3,"api" : "./libs/drpy.min.js","ext" : "./js/蜥蜴影视.js"},
    {"key" : "drpy_js_新视觉","name" : "🐦新视觉┃DR","type" : 3,"api" : "./libs/drpy.min.js","ext" : "./js/新视觉影视.js"},
    {"key" : "drpy_js_鸭奈飞","name" : "🦆鸭奈飞┃DR","type" : 3,"api" : "./libs/drpy.min.js","ext" : "./js/鸭奈飞.js"},
    {"key" : "drpy_js_影渣渣","name" : "🐳影渣渣┃DR","type" : 3,"api" : "./libs/drpy.min.js","ext" : "./js/影渣渣.js"},
    {"key" : "drpy_js_真不卡","name" : "🎋真不卡┃DR","type" : 3,"api" : "./libs/drpy.min.js","ext" : "./js/真不卡.js"},
    {"key" : "drpy_js_影视工场","name" : "🎬影视工场┃DR","type" : 3,"api" : "./libs/drpy.min.js","ext" : "./js/影视工场.js"},
    {"key" : "drpy_js_追剧达人","name" : "👜追剧达人┃DR","type" : 3,"api" : "./libs/drpy.min.js","ext" : "./js/追剧达人.js"},

    {"key":"csp_app_阿里","name":"🌠阿里┃APP","type":3,"api":"csp_AppYsV2","searchable":1,"quickSearch":1,"filterable":1,"ext":"http://aliys.cn:90/api.php/v1.vod"},
    {"key":"csp_app_北川","name":"❄北川┃APP","type":3,"api":"csp_AppYsV2","searchable":1,"quickSearch":1,"filterable":1,"ext":"https://www.bcwzg.com/api.php/app/"},
    {"key":"csp_appysv2_555电影","name":" 5️⃣555电影┃APP","type":3,"api":"csp_AppYsV2","searchable":1,"quickSearch":1,"filterable":1,"ext":"https://www.555ys1.com/api.php/app/"},
    {"key":"csp_app_霹雳影视","name":"⚡霹雳影视┃APP","type":3,"api":"csp_AppYsV2","searchable":1,"quickSearch":1,"filterable":1,"ext":"http://plyingshi.com/api.php/v1.vod"},
    {"key":"csp_app_段友影视","name": "👶段友影视┃APP","type": 3,"api": "csp_AppYsV2","searchable": 1,"quickSearch": 1,"filterable": 1,"ext": "https://shangjihuoke.com/api.php/tv.vod"},
    {"key":"csp_app_gotka","name":" 🚄速播影视┃APP","type":3,"api":"csp_AppYsV2","searchable":1,"quickSearch":1,"filterable":1,"ext":"http://mkk.gotka.top/api.php/v1.vod"},
    {"key":"csp_app_小鸟动漫","name":" 🐦小鸟动漫┃APP","type":3,"api":"csp_AppYsV2","searchable":1,"quickSearch":1,"filterable":1,"ext":"http://xydm.baicai.buzz/mogai_api.php/v1.vod"},

    {"key":"csp_XBPQ","name":"💫360┃XBPQ","api":"csp_XBPQ","type":3,"filterable":1,"quickSearch":1,"searchable":1,"ext":"./xBPQ/360影视.json"},
    {"key":"csp_XBPQ_HDIK","name":"✨HDIK┃XBPQ","type":3,"api":"csp_XBPQ","playerType":1,"searchable":1,"quickSearch":1,"filterable":1,"ext":"./xBPQ/HDIK.json"},
    {"key":"csp_XBPQ_xBVOFLIX","name":"📦VOFLIX┃XBPQ","type":3,"api":"csp_XBPQ","playerType":1,"searchable":1,"quickSearch":1,"filterable":1,"ext":"./xBPQ/VOFLIX.json"},
    {"key":"csp_XBPQ_xBFREEOK","name":"️️👌FREEOK┃XBPQ","type":3,"api":"csp_XBPQ","searchable":1,"quickSearch":1,"filterable":0,"ext": "./xBPQ/FreeOK.json"},
    {"key":"csp_XBPQ_xBLibVio","name":"🍒LibVio┃XBPQ","type":3,"api":"csp_XBPQ","playerType":1,"searchable":1,"quickSearch":1,"filterable":1,"ext":"./xBPQ/LIBVIO.json"},
    {"key": "csp_XBPQ_COKEMV","name": "🎀Cokemv┃XBPQ","type": 3,"api": "csp_XBPQ","searchable": 1,"quickSearch": 1,"filterable": 1,"ext": "./xBPQ/COKEMV.json"},
    {"key":"csp_XBPQ_Aue","name":"👨🏿Auete┃XBPQ","type":3,"api":"csp_XBPQ","searchable":1,"quickSearch":1,"filterable":1,"ext":"./xBPQ/Auete.json"},
    {"key":"csp_XBPQ_NikeTV","name":"💓NikeTV┃XBPQ","type":3,"api":"csp_XBPQ","playerType":1,"searchable":1,"quickSearch":1,"filterable":1,"ext":"./xBPQ/NikeTV.json"},
    {"key":"csp_XBPQ_app影院","name":"🏷️app影院┃XBPQ","type":3,"api":"csp_XBPQ","searchable":1,"quickSearch":1,"filterable":1,"ext":"./xBPQ/APP影院.json"},
    {"key":"csp_XBPQ_UM影院","name":"🍄UM影院┃XBPQ","type":3,"api":"csp_XBPQ","searchable":1,"quickSearch":1,"filterable":1,"ext":"./xBPQ/UM影院.json"},
    {"key": "csp_XBPQ_007","name":"🕖007影视┃XBPQ","type":3,"api":"csp_XBPQ","searchable":1,"quickSearch":1,"filterable":1,"ext":"./xBPQ/零零七影视.json"},
    {"key":"csp_XBPQ_23影视","name":"🌶️23影视┃XBPQ","type":3,"api":"csp_XBPQ","searchable":1,"quickSearch":1,"filterable":1,"ext":"./xBPQ/23影视.json"},
    {"key":"csp_XBPQ_52看剧","name":"🌽52看剧┃XBPQ","type":3,"api":"csp_XBPQ","playerType":1,"searchable":1,"quickSearch":1,"filterable":1,"ext":"./xBPQ/52看剧.json"},
    {"key": "csp_XBPQ_98影院","name":"🥂98影院┃XBPQ","type": 3,"api": "csp_XBPQ","searchable": 1,"quickSearch": 1,"filterable": 0,"ext": "./xBPQ/98影院.json"},
    {"key":"csp_XBPQ_100影视","name":"💯100影视┃XBPQ","type":3,"api":"csp_XBPQ","searchable":1,"quickSearch":1,"filterable":1,"ext":"./xBPQ/100影视.json"},
    {"key":"csp_XBPQ_188影视","name":"🍑188影视┃XBPQ","type":3,"api":"csp_XBPQ","searchable":1,"quickSearch":1,"filterable":1,"ext":"./xBPQ/188影视.json"},
    {"key":"csp_XBPQ_333影视","name":"♑333影视┃XBPQ","type":3,"api":"csp_XBPQ","searchable":1,"quickSearch":1,"filterable":1,"ext":"./xBPQ/333影视.json"},
    {"key":"csp_XBPQ_TVB云播","name":"📺TVB云播┃XBPQ","type":3,"api":"csp_XBPQ","searchable":1,"quickSearch":1,"filterable":1,"ext":"./xBPQ/TVB云播.json"},
    {"key":"csp_XBPQ_吼吼", "name":"🔉吼吼TV┃XBPQ","type":3,"api":"csp_XBPQ","searchable":1,"quickSearch":1,"filterable":1,"ext":"./xBPQ/吼吼.json"},
    {"key":"csp_XBPQ_宝仙HD","name":"🐰宝仙HD️┃XBPQ","type":3,"api":"csp_XBPQ","searchable":1,"quickSearch":1,"filterable":1,"ext":"./xBPQ/宝仙HD.json"},
    {"key":"csp_XBPQ_DDG","name":"🐢达达龟┃XBPQ","type":3,"api":"csp_XBPQ","searchable":1,"quickSearch":1,"filterable":1,"ext":"./xBPQ/达达龟.json"},
    {"key":"csp_XBPQ_热播酷","name":"💦热播酷┃XBPQ","type":3,"api":"csp_XBPQ","searchable":1,"quickSearch":1,"filterable":1,"ext":"./xBPQ/热播库.json"},
    {"key":"csp_XBPQ_剧情网","name":"💋剧情网┃XBPQ","type":3,"api":"csp_XBPQ","searchable":1,"quickSearch":1,"filterable":1,"ext":"./xBPQ/剧情网.json"},
    {"key":"csp_XBPQ_小猫咪","name":"🐯小猫咪┃XBPQ","type":3,"api":"csp_XBPQ","searchable":1,"quickSearch":1,"filterable":1,"ext":"./xBPQ/小猫咪.json"},
    {"key":"csp_XBPQ_莫扎兔","name":"🐇莫扎兔┃XBPQ","type":3,"api":"csp_XBPQ","playerType":1,"searchable":1,"quickSearch":1,"filterable":1,"ext":"./xBPQ/莫扎兔.json"},
    {"key":"csp_XBPQ_落攻阁","name":"🌠落攻阁┃XBPQ","type":3,"api":"csp_XBPQ","playerType":1,"searchable":1,"quickSearch":1,"filterable":1,"ext":"./xBPQ/落攻阁.json"},
    {"key":"csp_XBPQ_素白白","name":"👔素白白┃XBPQ","type":3,"api":"csp_XBPQ","playerType":1,"searchable":1,"quickSearch":1,"filterable":1,"ext":"./xBPQ/素白白影视.json"},
    {"key":"csp_XBPQ_剧白白","name":"🌩剧白白┃XBPQ","type":3,"api":"csp_XBPQ","playerType":1,"searchable":1,"quickSearch":1,"filterable":1,"ext":"./xBPQ/剧白白.json"},
    {"key":"csp_XBPQ_鸭奈飞","name":"🦆鸭奈飞┃XBPQ","type":3,"api":"csp_XBPQ","searchable":1,"quickSearch":1,"filterable":1,"ext":"./xBPQ/鸭奈飞.json"},
    {"key":"csp_XBPQ_真不卡","name":"️🎖︎真不卡┃XBPQ","type":3,"api":"csp_XBPQ","searchable":1,"quickSearch":1,"filterable":0,"ext":"./xBPQ/真不卡.json"},
    {"key":"csp_XBPQ_看了么","name":"👁看了么┃XBPQ","type":3,"api":"csp_XBPQ","searchable":1,"quickSearch":1,"filterable":0,"ext":"./xBPQ/看了么.json"},
    {"key":"csp_XBPQ_豆角网","name":"🌱豆角网┃XBPQ","type":3,"api":"csp_XBPQ","searchable":1,"quickSearch":1,"filterable":0,"ext":"./xBPQ/豆角网.json"},
    {"key":"csp_XBPQ_桔子TV","name":"🍊桔子TV┃XBPQ","type":3,"api":"csp_XBPQ","searchable":1,"quickSearch":1,"filterable":0,"ext":"./xBPQ/桔子TV.json"},
    {"key":"csp_XBPQ_花猫TV","name":" 🐼花猫TV┃XBPQ","type":3,"api":"csp_XBPQ","searchable":1,"quickSearch":1,"filterable":1,"ext":"./xBPQ/花猫TV.json"},
    {"key":"csp_XBPQ_F7好看剧","name":"️⚜F7好看剧┃XBPQ","type":3,"api":"csp_XBPQ","searchable":1,"quickSearch":1,"filterable":0,"ext":"./xBPQ/F7好看剧.json"},
    {"key":"csp_XBPQ_在线之家","name":"️🏘️在线之家┃XBPQ","type":3,"api":"csp_XBPQ","searchable":1,"quickSearch":1,"filterable":0,"ext":"./xBPQ/在线之家.json"},
    {"key":"csp_XBPQ_影视工厂","name":"🏗影视工厂┃XBPQ","type":3,"api":"csp_XBPQ","searchable":1,"quickSearch":1,"filterable":1,"ext":"./xBPQ/影视工场.json"},
    {"key": "csp_XBPQ_奇优影院","name": "️🐡奇优影院┃XBPQ","type": 3,"api": "csp_XBPQ","searchable": 1,"quickSearch": 1,"filterable": 1,"ext": "./xBPQ/奇优影院.json"},
    {"key":"csp_XBPQ_大米星球","name":"️🌾大米星球┃XBPQ","type":3,"api":"csp_XBPQ","searchable":1,"quickSearch":1,"filterable":0,"ext":"./xBPQ/大米星球.json"},
    {"key": "csp_XBPQ_布蕾影院","name":"🎪布蕾影院┃XBPQ","type":3,"api":"csp_XBPQ","searchable":1,"quickSearch":1,"filterable":1,"ext":"./xBPQ/布蕾影院.json"},
    {"key":"mtv_XBPQ_淘剧影院","name":"🎄淘剧影视┃XBPQ","type":3,"api":"csp_XBPQ","searchable":1,"quickSearch":1,"filterable":1,"ext":"./xBPQ/淘剧影院.json"},
    {"key":"csp_XBPQ_二萌影视","name":"😃二萌影视┃XBPQ","type":3,"api":"csp_XBPQ","playerType":1,"searchable":1,"quickSearch":1,"filterable":1,"ext":"./xBPQ/二萌影视.json"},
    {"key": "csp_XBPQ_喵影视","name":"🐱喵影视┃XBPQ","type": 3,"api": "csp_XBPQ","searchable": 1,"quickSearch": 1,"filterable": 1,"ext": "./xBPQ/喵影视.json"},
    {"key": "csp_XBPQ_搜狗影院","name":"🐕搜狗影院┃XBPQ","type":3,"api":"csp_XBPQ","searchable":1,"quickSearch":1,"filterable":1,"ext":"./xBPQ/搜狗影院.json"},
    {"key": "csp_XBPQ_金眼影视","name":"🤡金眼影视┃XBPQ","type":3,"api":"csp_XBPQ","searchable":1,"quickSearch":1,"filterable":0,"ext":"./xBPQ/金眼影视.json"},
    {"key":"csp_XBPQ_起飞影院","name":"️ ✈起飞影院┃XBPQ","type":3,"api":"csp_XBPQ","searchable":1,"quickSearch":1,"filterable":0,"ext": "./xBPQ/起飞影院.json"},
    {"key": "csp_XBPQ_天空影视","name":"☀天空影视┃XBPQ","type":3,"api":"csp_XBPQ","searchable":1,"quickSearch":1,"filterable":1,"ext":"./xBPQ/天空影视.json"},
    {"key": "csp_XBPQ_不休影院","name":"💦不休影院┃XBPQ","type":3,"api":"csp_XBPQ","searchable":1,"quickSearch":1,"filterable":1,"ext":"./xBPQ/不休影院.json"},
    {"key": "csp_XBPQ_人人影视","name":"👩‍👩‍👦人人影视┃XBPQ","type":3,"api":"csp_XBPQ","searchable":1,"quickSearch":1,"filterable":1,"ext":"./xBPQ/人人影视.json"},
    {"key":"mtv_XBPQ_回响影视","name":"❇回响影视┃XBPQ","type":3,"api":"csp_XBPQ","searchable":1,"quickSearch":1,"filterable":1,"ext":"./xBPQ/回响影视.json"},
    {"key":"csp_XBPQ_诺讯影视","name":"📱诺讯影视┃XBPQ","type":3,"api":"csp_XBPQ","searchable":1,"quickSearch":1,"filterable":1,"ext":"./xBPQ/诺讯影视.json"}, 
    {"key":"csp_XBPQ_电影先生","name":"📽电影先生┃XBPQ","type":3,"api": "csp_XBPQ","searchable": 1,"quickSearch": 0,"filterable": 1,"ext": "./xBPQ/电影先生.json"}, 
    {"key":"csp_XBPQ_爱酷影视","name":"🥗爱酷影视┃XBPQ","type":3,"api":"csp_XBPQ","searchable":1,"quickSearch":1,"filterable":1,"ext":"./xBPQ/爱酷影视.json"},
    {"key":"csp_XBPQ_追剧达人","name":"🚴追剧达人┃XBPQ","type":3,"api": "csp_XBPQ","searchable": 1,"quickSearch": 1,"filterable": 1,"ext": "./xBPQ/追剧达人.json"},
    {"key": "csp_XBPQ_蓝光影院","name":"🔃蓝光影院┃XBPQ","type":3,"api":"csp_XBPQ","searchable":1,"quickSearch":1,"filterable":1,"ext":"./xBPQ/蓝光影院.json"},
    {"key":"csp_XBPQ_神马影院","name":"🦄神马影院┃XBPQ","type":3,"api":"csp_XBPQ","searchable":1,"quickSearch":1,"filterable":1,"ext":"./xBPQ/神马影院.json"},
    {"key": "csp_XBPQ_六度影视","name":"♨六度影视┃XBPQ","type":3,"api":"csp_XBPQ","searchable":1,"quickSearch":1,"filterable":1,"ext":"./xBPQ/六度影视.json"},
    {"key":"csp_XBPQ_映迷影院","name":"️📺映迷影院┃XBPQ","type": 3,"api": "csp_XBPQ","searchable": 1,"quickSearch": 1,"filterable": 0,"ext": "./xBPQ/映迷影院.json"},
    {"key":"csp_XBPQ_疯狗电影","name":"🐺疯狗电影┃XBPQ","type":3,"api":"csp_XBPQ","playerType":1,"searchable":1,"quickSearch":1,"filterable":1,"ext":"./xBPQ/疯狗电影.json"},
    {"key":"csp_XBPQ_冷曦影视","name":"❄冷曦影视┃XBPQ","type":3,"api":"csp_XBPQ","playerType":1,"searchable":1,"quickSearch":1,"filterable":1,"ext":"./xBPQ/冷曦影视.json"},
    {"key":"csp_XBPQ_创意影视","name":"🌸创意影视┃XBPQ","type":3,"api":"csp_XBPQ","playerType":1,"searchable":1,"quickSearch":1,"filterable":1,"ext":"./xBPQ/创意影视.json"},
    {"key":"csp_XBPQ_溪谷影视","name":"🏖溪谷影视┃XBPQ","type":3,"api":"csp_XBPQ","playerType":1,"searchable":1,"quickSearch":1,"filterable":1,"ext":"./xBPQ/溪谷影视.json"},
    {"key":"csp_XBPQ_胖虎影视","name":"🦃胖虎影视┃XBPQ","type":3,"api":"csp_XBPQ","playerType":1,"searchable":1,"quickSearch":1,"filterable":1,"ext":"./xBPQ/胖虎影视.json"},
    {"key":"csp_XBPQ_视觉影院","name":"🌷视觉影院┃XBPQ","type":3,"api":"csp_XBPQ","playerType":1,"searchable":1,"quickSearch":1,"filterable":1,"ext":"./xBPQ/视觉影院.json"},
    {"key":"csp_XBPQ_耐看点播","name":"🌺耐看点播┃XBPQ","type": 3,"api": "csp_XBPQ","searchable": 1,"quickSearch": 1,"filterable": 0,"ext":"./xBPQ/耐看点播.json"},
    {"key":"csp_XBPQ_喵喵电影","name":"🐯喵喵电影┃XBPQ","type": 3,"api": "csp_XBPQ","searchable": 1,"quickSearch": 1,"filterable": 0,"ext":"./xBPQ/喵喵电影.json"},
    {"key":"csp_XBPQ_稀饭影院","name":"🍵稀饭影院┃XBPQ","type":3,"api":"csp_XBPQ","searchable":1,"quickSearch":1,"filterable":0,"ext":"./xBPQ/稀饭影院.json"},
    {"key":"csp_XBPQ_饭团影视","name":"️🍚饭团影视┃XBPQ","type": 3,"api": "csp_XBPQ","searchable": 1,"quickSearch": 1,"filterable": 0,"ext": "./xBPQ/饭团影视.json"},
    {"key":"csp_XBPQ_饭团影院","name":"️🍚饭团影院┃XBPQ","type": 3,"api": "csp_XBPQ","searchable": 1,"quickSearch": 1,"filterable": 0,"ext": "./xBPQ/饭团影院.json"},
    {"key":"csp_XBPQ_干饭影视","name":"️🍚干饭影视┃XBPQ","type": 3,"api": "csp_XBPQ","searchable": 1,"quickSearch": 1,"filterable": 0,"ext": "./xBPQ/干饭影视.json"},
    {"key":"csp_XBPQ_子子影视","name":"🌷子子影视┃XBPQ","type":3,"api":"csp_XBPQ","searchable":1,"quickSearch":1,"filterable":0,"ext":"./xBPQ/子子影视.json"},
    {"key":"csp_XBPQ_抓饭体育","name":"🎾抓饭体育┃XBPQ","type": 3,"api": "csp_XBPQ","searchable": 1,"quickSearch": 0,"filterable": 0,"ext": "./xBPQ/抓饭体育.json"},
    {"key":"csp_XBPQ_快看影视","name":"💯快看影视┃XBPQ","type": 3,"api": "csp_XBPQ","searchable": 1,"quickSearch": 0,"filterable": 0,"ext": "./xBPQ/快看影视.json"},
    {"key":"csp_XBPQ_番茄影视","name":"🍅番茄影视┃XBPQ","type":3,"api":"csp_XBPQ","searchable":1,"quickSearch":1,"filterable":0,"ext":"./xBPQ/番茄影视.json"},    
    {"key":"csp_XBPQ_歪片星球","name":"🤡歪片星球️┃XBPQ","type":3,"api":"csp_XBPQ","searchable":1,"quickSearch":1,"filterable":1,"ext":"./xBPQ/歪片星球.json"},
    {"key":"csp_XBPQ_口袋影院","name":"💰口袋影院┃XBPQ","type":3,"api":"csp_XBPQ","searchable":1,"quickSearch":1,"filterable":0,"ext":"./xBPQ/口袋影院.json"},
    {"key":"csp_XBPQ_看戏影视","name":"🤹看戏影视┃XBPQ","type":3,"api":"csp_XBPQ","searchable":1,"quickSearch":1,"filterable":0,"ext":"./xBPQ/看戏影视.json"},
    {"key":"csp_XBPQ_北川影视","name":"🕊北川影视┃XBPQ","type":3,"api":"csp_XBPQ","searchable":1,"quickSearch":1,"filterable":0,"ext":"./xBPQ/北川影视.json"},
    {"key":"csp_XBPQ_兰花影院","name":"🌼兰花影院┃XBPQ","type":3,"api":"csp_XBPQ","searchable":1,"quickSearch":1,"filterable":0,"ext":"./xBPQ/兰花影院.json"},
    {"key":"csp_XBPQ_剧迷线上看","name":"🔃剧迷线上┃XBPQ","type":3,"api":"csp_XBPQ","searchable":1,"quickSearch":1,"filterable":0,"ext":"./xBPQ/剧迷线上看.json"},
    {"key":"csp_XBPQ_核桃影院","name":"🌰核桃影院┃XBPQ","type":3,"api":"csp_XBPQ","searchable":1,"quickSearch":1,"filterable":0,"ext":"./xBPQ/核桃影院.json"},
    {"key":"csp_XBPQ_石榴电影","name":"🍃石榴电影┃XBPQ","type":3,"api":"csp_XBPQ","searchable":1,"quickSearch":1,"filterable":1,"ext":"./xBPQ/石榴电影.json"},
    {"key":"csp_XBPQ_南柯电影","name":"🏔南柯电影┃XBPQ","type":3,"api":"csp_XBPQ","searchable":1,"quickSearch":1,"filterable":0,"ext":"./xBPQ/南柯电影网.json"},
    {"key":"csp_XBPQ_人人影视","name":"👭人人影视┃XBPQ","type":3,"api":"csp_XBPQ","searchable":1,"quickSearch":1,"filterable":0,"ext":"./xBPQ/人人影视.json"},
    {"key":"csp_XBPQ_双十电影","name":"🎗双十电影┃XBPQ","type":3,"api":"csp_XBPQ","searchable":1,"quickSearch":1,"filterable":0,"ext":"./xBPQ/双十电影.json"},
    {"key":"csp_XBPQ_爱看影视","name":"♥️爱看影视┃XBPQ","type":3,"api":"csp_XBPQ","searchable":1,"quickSearch":1,"filterable":0,"ext":"./xBPQ/爱看影视.json"},
    {"key":"csp_XBPQ_不休影院","name":"💤不休影院┃XBPQ","type":3,"api":"csp_XBPQ","searchable":1,"quickSearch":1,"filterable":0,"ext":"./xBPQ/不休影院.json"},
    {"key":"csp_XBPQ_七小时影院","name":"🕖七小时影院┃XBPQ","type":3,"api":"csp_XBPQ","searchable":1,"quickSearch":1,"filterable":0,"ext":"./xBPQ/七小时影院.json"},
    {"key":"csp_XBPQ_片吧影院","name":"📼片吧影院┃XBPQ","type":3,"api":"csp_XBPQ","searchable":1,"quickSearch":1,"filterable":0,"ext":"./xBPQ/片吧影院.json"},
    {"key":"csp_XBPQ_城市电影","name":"🏗城市电影┃XBPQ","type":3,"api":"csp_XBPQ","searchable":1,"quickSearch":1,"filterable":0,"ext":"./xBPQ/城市电影.json"},
    {"key":"csp_XBPQ_万能影院","name":"🏟万能影院┃XBPQ","type":3,"api":"csp_XBPQ","searchable":1,"quickSearch":1,"filterable":0,"ext":"./xBPQ/万能影院.json"},
    {"key":"csp_XBPQ_秋霞影视","name":"🌷秋霞影视┃XBPQ","type":3,"api":"csp_XBPQ","searchable":1,"quickSearch":1,"filterable":0,"ext":"./xBPQ/秋霞影视.json"},
    {"key":"csp_XBPQ_纽约影院","name":"🐣纽约影院┃XBPQ","type":3,"api":"csp_XBPQ","searchable":1,"quickSearch":1,"filterable":0,"ext":"./xBPQ/纽约影院.json"},
    {"key":"csp_XBPQ_数字影院","name":"🆖数字影院┃XBPQ","type":3,"api":"csp_XBPQ","searchable":1,"quickSearch":1,"filterable":0,"ext":"./xBPQ/数字影院.json"},
    {"key":"csp_XBPQ_听书网","name":"️📖听书网┃XBPQ","type":3,"api":"csp_XBPQ","searchable":1,"quickSearch":1,"filterable":0,"ext":"./xBPQ/听书网.json"}
    ],

    "rules":[
    {"host":"*", "rule":["douyinvod.com", "/video/tos/cn/"]}, 
    {"host":"*", "rule":["default.365yg.com", "/video/tos/cn/"]},  
    {"host":"*", "rule":["aliyundrive.net", "response-content-disposition=", ".m3u8"]},
    {"host":"*", "rule":["aliyundrive.net", "response-content-disposition=", ".mp4"]}, 
    {"host":"*", "rule":["aliyundrive.net", "response-content-disposition=", ".mkv"]}, 
    {"host":"*", "rule":["/m3u8.php?path=", ".m3u8"]}, 
    {"host":"zjmiao.com", "rule":["play.videomiao.vip/API.php", "time=", "key=", "path="]},  
    {"host":"*", "rule":["/API.php?time=", "key=", "path=", ".m3u8"]},
    {"host":"*", "rule":["oss-cn-m3u8", "myqcloud.com.zh188.net", "?url=", ".m3u8"]}, 
    {"host":"www.007ts.me", "rule":["hls.pchj.net", ".m3u8"]},
    {"host":"*", "rule":["iesdouyin.com/aweme", "video_id="]},
    {"host":"*", "rule":["huoshan.com", "/item/video/"]},
    {"host":"*", "rule":["http((?!http).){12,}?\\.(m3u8|mp4|flv|avi|mkv|rm|wmv|mpg|m4a)\\?.*"]},
    {"host":"*", "rule":["http((?!http).){12,}\\.(m3u8|mp4|flv|avi|mkv|rm|wmv|mpg|m4a)"]},
    {"host":"*", "rule":["mp3"]},
    {"host":"*", "rule":["m4a"]}    ],
    "parses":[
    {"name":"Json聚合","type":3,"url":"Demo"},
    //{"name":"Json并发","type":2,"url":"Parallel"},
    //{"name":"Json轮询","type":2,"url":"Sequence"},
    {"name":"Web聚合","type":3,"url":"Web"},
    {"name" : "keyu","type" : 1,"url" : "http://newjiexi.gotka.top/keyu3.php?url=","ext" :{"header" :{"User-Agent" : "okhttp/4.1.0"}}},
   {"name" : "rx2","type" : 1,"url" : "http://rxjx.kuanjv.com/allm3u8.php?url="},
   {"name" : "解析","type":1,"url":"http://rxjx.kuanjv.com/allm3u8.php?url="},
   {"name" : "酷云","type":1,"url":"http://newjiexi.gotka.top/keyu3.php?url=","ext":{"flag":["qq","腾讯","qiyi","爱奇艺","奇艺","youku","优酷","mgtv","芒果","letv","乐视","pptv","PPTV","sohu","bilibili","哔哩哔哩","哔哩"],"header":{"User-Agent":"okhttp/4.1.0"}}},
   {"name" : "阿里","type":1,"url":"http://aliys.aliys.cn:89/json/json/json.php/?url="},
   {"name" : "解析1","type": 1,"url": "https://api.m3u8.tv:5678/home/api?type=ys&uid=233711&key=dgilouvFKNRSWX2467&url="},
   {"name" : "解析2","type": 1,"url": "http://pandown.pro/app/ysmjx.php?url=","ext":{"flag":["qq","腾讯","qiyi","爱奇艺","奇艺","youku","优酷","mgtv","芒果","letv","乐视","pptv","PPTV","sohu","bilibili","哔哩哔哩","哔哩"],"header":{"User-Agent":"okhttp/4.1.0"}}},
   {"name" : "解析3","type": 1,"url": "http://110.42.2.115:880/analysis/json/?uid=2100&my=cqrtwyACDGLOXY0249&mgtv=app&url=","ext":{"flag":["qq","腾讯","qiyi","爱奇艺","奇艺","youku","优酷","sohu","搜狐","letv","乐视","mgtv","芒果","CL4K","renrenmi","ltnb","bilibili","1905","xigua"]}},
   {"name" : "解析4","type": 1,"url": "http://45.248.10.163:4433/json.php?wap=0&url="},
   {"name" : "解析5","type": 1,"url":"https://www.1920lgzy.top/json.php?url=","ext":{"header":{"User-Agent":"Mozilla/5.0"}}},
   {"name":"懒懒","type":1,"url":"http://lanlan.ckflv.cn/?url=","ext":{"flag":["qiyi","qq","letv","sohu","youku","mgtv","bilibili","wasu","xigua","1905"]}},
   {"name" : "瞄影","type":0,"url":"http://www.miaoys.cc/vip/?url="},
   {"name" : "手动1","type": 0,"url": "https://jx.4kdv.com/?url="},
   {"name" : "手动2","type": 0,"url": "https://jx.xmflv.com/?url="},
   {"name" : "手动3","type": 0,"url": "https://www.8090g.cn/?url="},    
   {"name" : "手动4","type": 0,"url": "https://jx.zhanlangbu.com/?url=","ext": {"header": {"User-Agent": "okhttp/4.1.0"},"flag": ["qq","腾讯","qiyi","爱奇艺","奇艺","youku","优酷","mgtv","芒果","letv","乐视","pptv","PPTV","sohu","bilibili","哔哩哔哩","哔哩"]}},
    {"name": "手动5","type": 0,"url": "https://www.nxflv.com/?url="},
   {"name" : "bozrc","type" : 0,"url" : "https://jx.bozrc.com:4433/player/?url=","ext" :    {"flag" : ["qq","腾讯","qiyi","爱奇艺","奇艺","youku","优酷","mgtv","芒果","letv","leshi","LS","pptv","PPTV","sohu","bilibili","哔哩哔哩","哔哩"],"header" : {"User-Agent" : ""}}}],
    "spider":"./jar/top.jar;md5;d7591b67e8cdb674784b2cee08af35ba",
    "lives": [{"name": "直播","type": 0,"url": "http://zb.iptv6.top/dsm/","epg": "http://epg.51zmt.top:8000/api/diyp/?ch={name}&date={date}"}],
    "flags":["youku","qq","iqiyi","qiyi","letv","sohu","tudou","pptv","mgtv","wasu","bilibili","renrenmi"],
    "ads":["mimg.0c1q0l.cn","www.googletagmanager.com","www.google-analytics.com","mc.usihnbcq.cn","mg.g1mm3d.cn","mscs.svaeuzh.cn",
    "cnzz.hhttm.top","tp.vinuxhome.com","cnzz.mmstat.com","www.baihuillq.com","s23.cnzz.com","z3.cnzz.com","c.cnzz.com","stj.v1vo.top",
    "z12.cnzz.com","img.mosflower.cn","tips.gamevvip.com","ehwe.yhdtns.com","xdn.cqqc3.com","www.jixunkyy.cn","sp.chemacid.cn",
    "hm.baidu.com","s9.cnzz.com","z6.cnzz.com","um.cavuc.com","mav.mavuz.com","wofwk.aoidf3.com","z5.cnzz.com","xc.hubeijieshikj.cn",
    "tj.tianwenhu.com","xg.gars57.cn","k.jinxiuzhilv.com","cdn.bootcss.com","ppl.xunzhuo123.com","xomk.jiangjunmh.top","img.xunzhuo123.com",
    "z1.cnzz.com","s13.cnzz.com","xg.huataisangao.cn","z7.cnzz.com","xg.huataisangao.cn","z2.cnzz.com","s96.cnzz.com","q11.cnzz.com",
    "thy.dacedsfa.cn","xg.whsbpw.cn","s19.cnzz.com","z8.cnzz.com","s4.cnzz.com","f5w.as12df.top","ae01.alicdn.com","www.92424.cn",
    "k.wudejia.com","vivovip.mmszxc.top","qiu.xixiqiu.com","cdnjs.hnfenxun.com","cms.qdwght.com"]}
