{
    "urls": [
        {
            "url": "http://yydsys.top/duo",
            "name": "🏡应用多多家庭版"
        },
        {
            "url": "https://pan.shangui.cc/f/v68xuk/xm.json",
            "name": "🏡应用多多备用"
        },
        {
            "url": "http://yydsys.top/duo/ali",
            "name": "🚀阿里精品专线"
        }, 
        {
            "url": "https://pan.shangui.cc/f/eoVMFQ/ppa.json",
            "name": "🚀阿里备用专线"
        }, 			
        {
            "url": "http://饭太硬.top/tv",
            "name": "🚀饭太硬线路"
        },          
        {
            "url": "http://肥猫.live",
            "name": "🚀肥猫线路"
        },                    
        {
            "url": "https://mirror.ghproxy.com/https://raw.githubusercontent.com/FongMi/CatVodSpider/main/json/config.json",
            "name": "🚀蜂蜜线路"
        },                                                        
        {
            "url": "https://pastebin.com/raw/5NHaxyGR",
            "name": "🚀道长线路"
        },                    
        {
            "url": "https://mirror.ghproxy.com/https://raw.githubusercontent.com/xyq254245/xyqonlinerule/main/XYQTVBox.json",
            "name": "🚀香雅情线路"
        },   
        {
            "url": "https://tvbox.cainisi.cf",
            "name": "🚀菜妮丝线路"
        },                     
        {
            "url": "http://home.jundie.top:81/top98.json",
            "name": "🚀俊佬线路"
        },
        {
            "url": "http://xhww.fun:63/小米/DEMO.json",
            "name": "🚀小米线路"
        },   		
        {
            "url": "http://rihou.cc:88/荷城茶秀",
            "name": "🚀荷城茶秀"
        },  		
        {
            "url": "https://cn.kstore.space/download/2863/01.txt",
            "name": "🐹潇洒线路"
        },
        {
            "url": "https://cn.kstore.space/download/2883/0110.txt",
            "name": "🐹蚂蚁论坛线路"
        },
        {
            "url": "http://tv.nxog.top/m/111.php?ou=%E6%AC%A7%E6%AD%8C&mz=index2&xl=&jar=index2",
            "name": "🐹欧歌线路"
        }, 
        {
            "url": "https://agit.ai/Yoursmile7/TVBox/raw/branch/master/XC.json",
            "name": "🐹南风线路"
        },     
        {
            "url": "http://itvbox.cc/tvbox/云星日记/1.m3u8",
            "name": "🐹云星日记"
        }, 
        {
            "url": "https://jihulab.com/bh666/YGBH/-/raw/main/ygbox.json",
            "name": "🐹月光宝盒"
        },               
        {
            "url": "http://52bsj.vip:98/wuai",
            "name": "🐹吾爱线路"
        },
        {
            "url": "https://weixine.net/ysc.json",
            "name": "🐹运输车(有跑马灯)"
        },
          {
            "url":"https://jihulab.com/ymz1231/xymz/-/raw/main/ymz",
            "name": "🐹夜猫子"
        }, 		
        {
            "url":"https://mirror.ghproxy.com/https://raw.githubusercontent.com/gaotianliuyun/gao/master/js.json",
            "name": "🐹高天流云"
        } 
    ]
}
