{
"storeHouse": [
{"sourceName":"💚多多优选仓🍭软件接口🍭","sourceUrl":"https://cdn.gitmirror.com/gl/duomv/apps/main/a.txt"},
{"sourceName":"💛多多公众仓🍭完全免费🍭","sourceUrl":"https://cdn.gitmirror.com/gl/duomv/apps/main/b.txt"},
{"sourceName":"❤️多多聚合仓🍭严禁贩卖🍭","sourceUrl":"https://cdn.gitmirror.com/gl/duomv/apps/main/c.txt"},
{"sourceName":"💜多多预备仓🍭不做韭菜🍭","sourceUrl":"https://cdn.gitmirror.com/gl/duomv/apps/main/d.txt"}
]}
