{
  "🚆资源小站":"https://pan.142856.xyz",
  "🌤晴园宝藏":"https://alist.52qy.repl.co",
  "🐭米奇妙妙":"https://anime.mqmmw.ga",
  "🐋一只鱼":"https://alist.youte.ml",
  "🌊七米蓝":"https://al.chirmyram.com", 
  "🐉神族九帝":"https://alist.shenzjd.com",
  "👺欧比":"https://alistcn.repl.co",
  "👧小雅":"http://alist.xiaoya.pro",
  "🎩杜比":"https://dubi.tk",
  "😎帅鹏":"https://hi.shuaipeng.wang",
  "✨星梦":"https://pan.bashroot.top",
  "☁云播放":"https://quanzi.laoxianghuijia.cn",
  "☃姬路白雪":"https://pan.jlbx.xyz",
  "💾DISK":"http://124.222.140.243:8080",
  "💫触光":"https://pan.ichuguang.com",
  "🎡木偶资源":"https://www.kugutsu.ml",
  "🦀9T_Adult":"https://drive.9t.ee"
}
