{
"classes": [
{"type_name":"足球","type_id":"足球"},
{"type_name":"相声小品","type_id":"相声小品"},
{"type_name":"动物世界","type_id":"动物世界"},
{"type_name":"综艺汇聚","type_id":"中国综艺"},
{"type_name":"热舞汇聚","type_id":"女团热舞"},
{"type_name":"软件教程","type_id":"软件教程"},
{"type_name":"学前","type_id":"学前"},
{"type_name":"小学","type_id":"小学"},
{"type_name":"初中","type_id":"初中"},
{"type_name":"高中","type_id":"高中"}
],
"cookie":"buvid3=8B28AA90-13D7-B19D-650B-77ED244630A575863infoc; b_nut=1667433475; i-wanna-go-back=-1; b_lsid=9ADCDF4B_1843AC7B323; _uuid=E413B4E4-810A6-BBE9-27BC-5F9107E83AB3476910infoc; fingerprint=1405d58c806279966e0650e6288f3cb0; buvid_fp_plain=undefined; buvid4=44C2588A-9F7A-9035-4E91-29C9B340D76D77629-022110307-1joR%2BNgQDBGyfZddQMfUOA%3D%3D; csrf_state=687e3928fd64f7820315bccbbbf0ea6e; SESSDATA=2029ceca%2C1682985694%2Cdad10%2Ab1; bili_jct=ba86df5c3412b8c3f807057c088d1f21; DedeUserID=3461582327646381; DedeUserID__ckMd5=82054f25c56825c7; buvid_fp=bdb2ef7439cf52bcd0480c460fdfab71; b_ut=5; nostalgia_conf=-1; sid=8fmf8ufc; innersign=1; rpdid=|(um|km||))k0J\'uYY~RJJ~R|; CURRENT_QUALITY=80; bp_video_offset_3461582327646381=undefined; PVID=2; CURRENT_FNVAL=16",
"filter": {
"足球": [
{"key": "order","name": "排序","value": [
{"n": "排序","v": "0"},
{"n": "最多点击","v": "click"},
{"n": "最新发布","v": "pubdate"},
{"n": "最多弹幕","v": "dm"},
{"n": "最多收藏","v": "stow"}]},
{"key": "tid","name": "分类","value": [
{"n": "全部","v": "足球"},
{"n": "托雷斯","v": "托雷斯"},
{"n": "C罗","v": "C罗"},
{"n": "天下足球","v": "天下足球"},
{"n": "亨利","v": "亨利"},
{"n": "姆巴佩","v": "姆巴佩"},
{"n": "齐达内","v": "齐达内"},
{"n": "欧冠","v": "欧冠"},
{"n": "世界杯","v": "世界杯"},
{"n": "斯诺克","v": "斯诺克"},
{"n": "高尔夫","v": "高尔夫"}
]},
{"key": "duration","name": "时长","value": [
{"n": "全部","v": "0"},
{"n": "60分钟以上","v": "4"},
{"n": "30~60分钟","v": "3"},
{"n": "10~30分钟","v": "2"},
{"n": "10分钟以下","v": "1"}
]}],

"中国综艺": [
{"key": "order","name": "排序","value": [
{"n": "排序","v": "0"},
{"n": "最多点击","v": "click"},
{"n": "最新发布","v": "pubdate"},
{"n": "最多弹幕","v": "dm"},
{"n": "最多收藏","v": "stow"}]},
{"key": "tid","name": "分类","value": [
{"n": "全部","v": "中国综艺"},
{"n": "梦想秀","v": "中国梦想秀"},
{"n": "奔跑吧","v": "奔跑吧兄弟"},
{"n": "好声音","v": "中国好声音"},
{"n": "我是歌手","v": "我是歌手"},
{"n": "典籍里的中国","v": "典籍里的中国"},
{"n": "中国诗词大会","v": "诗词大会"},
{"n": "王牌对王牌","v": "王牌对王牌"},
{"n": "中国脱口秀","v": "脱口秀"},
{"n": "中国新声代","v": "中国新声代"}
]},
{"key": "duration","name": "时长","value": [
{"n": "全部","v": "0"},
{"n": "60分钟以上","v": "4"},
{"n": "30~60分钟","v": "3"},
{"n": "10~30分钟","v": "2"},
{"n": "10分钟以下","v": "1"}
]}
],

"相声小品": [
{"key": "order","name": "排序","value": [
{"n": "排序","v": "0"},
{"n": "最多点击","v": "click"},
{"n": "最新发布","v": "pubdate"},
{"n": "最多弹幕","v": "dm"},
{"n": "最多收藏","v": "stow"}]},
{"key": "tid","name": "分类","value": [
{"n": "全部","v": "相声小品"},
{"n": "单口相声","v": "单口相声"},
{"n": "群口相声","v": "群口相声"},
{"n": "郭德纲","v": "郭德纲"},
{"n": "岳云鹏","v": "岳云鹏"},
{"n": "春晚小品","v": "春晚小品"},
{"n": "赵本山","v": "赵本山"},
{"n": "陈佩斯","v": "陈佩斯"},
{"n": "冯巩","v": "冯巩"},
{"n": "郭达","v": "郭达"},
{"n": "潘长江","v": "潘长江"},
{"n": "喜剧综艺","v": "喜剧综艺"}
]},
{"key": "duration","name": "时长","value": [
{"n": "全部","v": "0"},
{"n": "60分钟以上","v": "4"},
{"n": "30~60分钟","v": "3"},
{"n": "10~30分钟","v": "2"},
{"n": "10分钟以下","v": "1"}
]}
],

"动物世界": [
{"key": "order","name": "排序","value": [
{"n": "排序","v": "0"},
{"n": "最多点击","v": "click"},
{"n": "最新发布","v": "pubdate"},
{"n": "最多弹幕","v": "dm"},
{"n": "最多收藏","v": "stow"}]},
{"key": "duration","name": "时长","value": [
{"n": "全部","v": "0"},
{"n": "60分钟以上","v": "4"},
{"n": "30~60分钟","v": "3"},
{"n": "10~30分钟","v": "2"},
{"n": "10分钟以下","v": "1"}
]}
],

"女团热舞":[
{"key": "order","name": "排序","value": [
{"n": "排序","v": "0"},
{"n": "最多点击","v": "click"},
{"n": "最新发布","v": "pubdate"},
{"n": "最多弹幕","v": "dm"},
{"n": "最多收藏","v": "stow"}]},
{"key":"tid","name":"分类","value":[
{"n":"全部","v":"舞蹈"},
{"n":"街舞","v":"街舞"},
{"n":"明星舞蹈","v":"明星舞蹈"},
{"n":"古风舞","v":"古风舞"},
{"n":"国风舞","v":"国风舞"},
{"n":"现代舞","v":"现代舞"},
{"n":"芭蕾舞","v":"芭蕾舞"},
{"n":"拉丁舞","v":"拉丁舞"},
{"n":"蹦迪","v":"蹦迪"},
{"n":"机械舞","v":"机械舞"},
{"n":"广场舞","v":"广场舞"},
{"n":"练习室","v":"练习室"},
{"n":"美女舞蹈","v":"美女舞蹈"},
{"n":"舞蹈综合","v":"舞蹈综合"},
{"n":"舞蹈教程","v":"舞蹈教程"},
{"n":"3unshine","v":"3unshine MV 合集"},
{"n":"蜜蜂少女队","v":"蜜蜂少女队 MV 合集"},
{"n":"七朵组合","v":"七朵组合 MV 合集"},
{"n":"GNZ48","v":"GNZ48 MV 合集"},
{"n":"中国女团","v":"中国女团 MV 合集"},
{"n":"SNH48","v":"SNH48 MV 合集"},
{"n":"S.H.E","v":"S.H.E MV 合集"},
{"n":"Twins","v":"Twins MV 合集"},
{"n":"火箭少女101","v":"火箭少女101 MV 合集"},
{"n":"BY2","v":"BY2 MV 合集"},
{"n":"S.I.N.G","v":"S.I.N.G MV 合集"},
{"n":"韩国女团","v":"韩国女团 MV 合集"},
{"n":"Mamamoo","v":"Mamamoo MV 合集"},
{"n":"少女时代","v":"少女时代 MV 合集"},
{"n":"S.E.S","v":"S.E.S MV 合集"},
{"n":"FIN.K.L","v":"FIN.K.L MV 合集"},
{"n":"2NE1","v":"2NE1 MV 合集"}]},
{"key": "duration","name": "时长","value": [
{"n": "全部","v": "0"},
{"n": "60分钟以上","v": "4"},
{"n": "30~60分钟","v": "3"},
{"n": "10~30分钟","v": "2"},
{"n": "10分钟以下","v": "1"}
]}
],

"软件教程": [
{"key": "order","name": "排序","value": [
{"n": "排序","v": "0"},
{"n": "最多点击","v": "click"},
{"n": "最新发布","v": "pubdate"},
{"n": "最多弹幕","v": "dm"},
{"n": "最多收藏","v": "stow"}]},
{"key": "tid","name": "分类","value": [
{"n": "全部","v": "软件教程"},
{"n": "MT管理器","v": "MT管理器"},
{"n": "NP管理器","v": "NP管理器"},
{"n": "mixplorer","v": "mixplorer"},
{"n": "脱壳","v": "脱壳"},
{"n": "爬虫","v": "爬虫"},
{"n": "json&jar","v": "json&jar"},
{"n": "网盘挂载","v": "网盘挂载"},
{"n": "alist+WebDav","v": "alist+WebDav"},
{"n": "TVBox修改","v": "TVBox修改教程"},
{"n": "EXCEL","v": "EXCEL教程"},
{"n": "Git入门到精通","v": "Git入门到精通"},
{"n": "java","v": "java教程"},
{"n": "phyton","v": "phyton教程"},
{"n": "xml","v": "xml教程"}]},
{"key": "duration","name": "时长","value": [
{"n": "全部","v": "0"},
{"n": "60分钟以上","v": "4"},
{"n": "30~60分钟","v": "3"},
{"n": "10~30分钟","v": "2"},
{"n": "10分钟以下","v": "1"}
]}
],


"学前": [
{"key": "order","name": "排序","value": [
{"n": "排序","v": "0"},
{"n": "最多点击","v": "click"},
{"n": "最新发布","v": "pubdate"},
{"n": "最多弹幕","v": "dm"},
{"n": "最多收藏","v": "stow"}]},
{"key": "tid","name": "分类","value": [
{"n": "全部","v": "学前"},
{"n": "儿童启蒙故事","v": "儿童启蒙故事"},
{"n": "儿童英语启蒙","v": "儿童英语启蒙"},
{"n": "儿童睡前故事","v": "儿童睡前故事"},
{"n": "儿童安全教育","v": "儿童安全教育"},
{"n": "儿童音乐","v": "儿童音乐"},
{"n": "儿童动画","v": "儿童动画"}
]},
{"key": "duration","name": "时长","value": [
{"n": "全部","v": "0"},
{"n": "60分钟以上","v": "4"},
{"n": "30~60分钟","v": "3"},
{"n": "10~30分钟","v": "2"},
{"n": "10分钟以下","v": "1"}
]}
],

"小学": [
{"key": "order","name": "排序","value": [
{"n": "排序","v": "0"},
{"n": "最多点击","v": "click"},
{"n": "最新发布","v": "pubdate"},
{"n": "最多弹幕","v": "dm"},
{"n": "最多收藏","v": "stow"}]},
{"key": "tid","name": "分类","value": [
{"n": "全部","v": "小学"},
{"n": "沪教版","v": "小学沪教版"},
{"n": "人教版","v": "小学人教版"},
{"n": "北师大版","v": "小学北师大版"},
{"n": "外研版","v": "小学外研版"},
{"n": "苏教版","v": "小学苏教版"}
 ]},

{"key": "duration","name": "时长","value": [
{"n": "全部","v": "0"},
{"n": "60分钟以上","v": "4"},
{"n": "30~60分钟","v": "3"},
{"n": "10~30分钟","v": "2"},
{"n": "10分钟以下","v": "1"}
]}
],

"初中": [
{"key": "order","name": "排序","value": [
{"n": "排序","v": "0"},
{"n": "最多点击","v": "click"},
{"n": "最新发布","v": "pubdate"},
{"n": "最多弹幕","v": "dm"},
{"n": "最多收藏","v": "stow"}]},
{"key": "tid","name": "分类","value": [
{"n": "全部","v": "初中"},
{"n": "7年级","v": "初一七年级"},
{"n": "8年级","v": "初二八年级"},
{"n": "9年级","v": "初三 九年级"},
{"n": "沪教版","v": "初中沪教版"},
{"n": "人教版","v": "初中人教版"},
{"n": "北师大版","v": "初中北师大版"},
{"n": "外研版","v": "初中外研版"},
{"n": "苏教版","v": "初中苏教版"}
]},
{"key": "duration","name": "时长","value": [
{"n": "全部","v": "0"},
{"n": "60分钟以上","v": "4"},
{"n": "30~60分钟","v": "3"},
{"n": "10~30分钟","v": "2"},
{"n": "10分钟以下","v": "1"}
]}
],

"高中": [
{"key": "order","name": "排序","value": [
{"n": "排序","v": "0"},
{"n": "最多点击","v": "click"},
{"n": "最新发布","v": "pubdate"},
{"n": "最多弹幕","v": "dm"},
{"n": "最多收藏","v": "stow"}]},
{"key": "tid","name": "分类","value": [
{"n": "全部","v": "高中"},
{"n": "高一","v": "高一"},
{"n": "高二","v": "高二"},
{"n": "高三","v": "高三"},
{"n": "高中信息技术","v": "高中信息技术"}
]},
{"key": "duration","name": "时长","value": [
{"n": "全部","v": "0"},
{"n": "60分钟以上","v": "4"},
{"n": "30~60分钟","v": "3"},
{"n": "10~30分钟","v": "2"},
{"n": "10分钟以下","v": "1"}]}
]
}
}