{
  "classes": [
    {
      "type_name":"演唱会",
      "type_id":"演唱会"
    },
    {
      "type_name": "音乐MTV",
      "type_id": "音乐"
    },
    {
      "type_name": "宝丽金",
      "type_id": "宝丽金"
    },

    {
      "type_name": "滚石经典",
      "type_id": "滚石MV4k合集"
    },
    {
      "type_name": "经典老歌",
      "type_id": "经典老歌"
    }],
    
    "cookie":"buvid3=8B28AA90-13D7-B19D-650B-77ED244630A575863infoc; b_nut=1667433475; i-wanna-go-back=-1; b_lsid=9ADCDF4B_1843AC7B323; _uuid=E413B4E4-810A6-BBE9-27BC-5F9107E83AB3476910infoc; fingerprint=1405d58c806279966e0650e6288f3cb0; buvid_fp_plain=undefined; buvid4=44C2588A-9F7A-9035-4E91-29C9B340D76D77629-022110307-1joR%2BNgQDBGyfZddQMfUOA%3D%3D; csrf_state=687e3928fd64f7820315bccbbbf0ea6e; SESSDATA=2029ceca%2C1682985694%2Cdad10%2Ab1; bili_jct=ba86df5c3412b8c3f807057c088d1f21; DedeUserID=3461582327646381; DedeUserID__ckMd5=82054f25c56825c7; buvid_fp=bdb2ef7439cf52bcd0480c460fdfab71; b_ut=5; nostalgia_conf=-1; sid=8fmf8ufc; innersign=1; rpdid=|(um|km||))k0J\'uYY~RJJ~R|; CURRENT_QUALITY=80; bp_video_offset_3461582327646381=undefined; PVID=2; CURRENT_FNVAL=16",

  "filter": {
"演唱会": [
{"key": "order","name": "排序","value": [
{"n": "排序","v": "0"},
{"n": "最多点击","v": "click"},
{"n": "最新发布","v": "pubdate"},
{"n": "最多弹幕","v": "dm"},
{"n": "最多收藏","v": "stow"}]},
{"key": "tid","name": "分类","value": [
{"n": "全部","v": "演唱会"},
{"n":"A阿杜","v":"阿杜演唱会"},
{"n":"A阿黛尔","v":"阿黛尔演唱会"},
{"n":"BBeyond","v":"Beyond演唱会"},
{"n":"BBy2","v":"By2演唱会"},
{"n":"BBIGBANG","v":"BIGBANG演唱会"},
{"n":"B布兰妮","v":"布兰妮演唱会"},
{"n":"B坂井泉水","v":"坂井泉水演唱会"},
{"n":"C陈奕迅","v":"陈奕迅演唱会"},
{"n":"C陈百强","v":"陈百强演唱会"},
{"n":"C蔡依林","v":"蔡依林演唱会"},
{"n":"C初音未来","v":"初音未来演唱会"},
{"n":"C蔡健雅","v":"蔡健雅演唱会"},
{"n":"C陈小春","v":"陈小春演唱会"},
{"n":"C草蜢","v":"草蜢演唱会"},
{"n":"C陈慧娴","v":"陈慧娴演唱会"},
{"n":"C陈慧琳","v":"陈慧琳演唱会"},
{"n":"C崔健","v":"崔健演唱会"},
{"n":"C仓木麻衣","v":"仓木麻衣演唱会"},
{"n":"D大张伟","v":"大张伟演唱会"},
{"n":"D戴荃","v":"戴荃演唱会"},
{"n":"D动力火车","v":"动力火车演唱会"},
{"n":"D邓丽君","v":"邓丽君演唱会"},
{"n":"D丁当","v":"丁当演唱会"},
{"n":"D刀郎","v":"刀郎演唱会"},
{"n":"D邓紫棋","v":"邓紫棋演唱会"},
{"n":"D戴佩妮","v":"戴佩妮演唱会"},
{"n":"D邓丽君","v":"邓丽君演唱会"},
{"n":"F飞儿乐队","v":"飞儿乐队演唱会"},
{"n":"F费玉清","v":"费玉清演唱会"},
{"n":"F费翔","v":"费翔演唱会"},
{"n":"F方大同","v":"方大同演唱会"},
{"n":"F房东的猫","v":"房东的猫演唱会"},
{"n":"F凤飞飞","v":"凤飞飞演唱会"},
{"n":"F凤凰传奇","v":"凤凰传奇演唱会"},
{"n":"G关淑怡","v":"关淑怡演唱会"},
{"n":"G郭采洁","v":"郭采洁演唱会"},
{"n":"G光良","v":"光良演唱会"},
{"n":"G郭静","v":"郭静演唱会"},
{"n":"G郭富城","v":"郭富城演唱会"},
{"n":"H黄凯芹","v":"黄凯芹演唱会"},
{"n":"H胡彦斌","v":"胡彦斌演唱会"},
{"n":"H胡夏","v":"胡夏演唱会"},
{"n":"H韩红","v":"韩红演唱会"},
{"n":"H黄品源","v":"黄品源演唱会"},
{"n":"H黄小琥","v":"黄小琥演唱会"},
{"n":"H花儿乐队","v":"花儿乐队演唱会"},
{"n":"H华晨宇","v":"华晨宇演唱会"},
{"n":"H后街男孩","v":"后街男孩演唱会"},
{"n":"J经典老歌","v":"经典老歌演唱会"},
{"n":"J贾斯丁比伯","v":"贾斯丁比伯演唱会"},
{"n":"J金池","v":"金池演唱会"},
{"n":"J金志文","v":"金志文演唱会"},
{"n":"J焦迈奇","v":"焦迈奇演唱会"},
{"n":"K筷子兄弟","v":"筷子兄弟演唱会"},
{"n":"L李玟","v":"李玟演唱会"},
{"n":"L林忆莲","v":"林忆莲演唱会"},
{"n":"L李克勤","v":"李克勤演唱会"},
{"n":"L刘宪华","v":"刘宪华演唱会"},
{"n":"L李圣杰","v":"李圣杰演唱会"},
{"n":"L林宥嘉","v":"林宥嘉演唱会"},
{"n":"L梁静茹","v":"梁静茹演唱会"},
{"n":"L李健","v":"李健演唱会"},
{"n":"L林俊杰","v":"林俊杰演唱会"},
{"n":"L李玉刚","v":"李玉刚演唱会"},
{"n":"L林志炫","v":"林志炫演唱会"},
{"n":"L李荣浩","v":"李荣浩演唱会"},
{"n":"L李宇春","v":"李宇春演唱会"},
{"n":"L洛天依","v":"洛天依演唱会"},
{"n":"L林子祥","v":"林子祥演唱会"},
{"n":"L李宗盛","v":"李宗盛演唱会"},
{"n":"L黎明","v":"黎明演唱会"},
{"n":"L刘德华","v":"刘德华演唱会"},
{"n":"L刘若英","v":"刘若英演唱会"},
{"n":"L罗大佑","v":"罗大佑演唱会"},
{"n":"L林肯公园","v":"林肯公园演唱会"},
{"n":"LLadyGaga","v":"LadyGaga演唱会"},
{"n":"L旅行团乐队","v":"旅行团乐队演唱会"},
{"n":"M莫文蔚","v":"莫文蔚演唱会"},
{"n":"M毛不易","v":"毛不易演唱会"},
{"n":"M梅艳芳","v":"梅艳芳演唱会"},
{"n":"M迈克尔杰克逊","v":"迈克尔杰克逊演唱会"},
{"n":"N南拳妈妈","v":"南拳妈妈演唱会"},
{"n":"P朴树","v":"朴树演唱会"},
{"n":"Q齐秦","v":"齐秦演唱会"},
{"n":"Q青鸟飞鱼","v":"青鸟飞鱼演唱会"},
{"n":"R容祖儿","v":"容祖儿演唱会"},
{"n":"R任贤齐","v":"任贤齐演唱会"},
{"n":"S水木年华","v":"水木年华演唱会"},
{"n":"S孙燕姿","v":"孙燕姿演唱会"},
{"n":"S苏打绿","v":"苏打绿演唱会"},
{"n":"SSHE","v":"SHE演唱会"},
{"n":"S孙楠","v":"孙楠演唱会"},
{"n":"T陶喆","v":"陶喆演唱会"},
{"n":"T谭咏麟","v":"谭咏麟演唱会"},
{"n":"T田馥甄","v":"田馥甄演唱会"},
{"n":"T谭维维","v":"谭维维演唱会"},
{"n":"T逃跑计划","v":"逃跑计划演唱会"},
{"n":"T田震","v":"田震演唱会"},
{"n":"TTFBOYS","v":"TFBOYS演唱会"},
{"n":"T谭晶","v":"谭晶演唱会"},
{"n":"T屠洪刚","v":"屠洪刚演唱会"},
{"n":"T泰勒·斯威夫特","v":"泰勒·斯威夫特演唱会"},
{"n":"W王力宏","v":"王力宏演唱会"},
{"n":"W王杰","v":"王杰演唱会"},
{"n":"W吴克群","v":"吴克群演唱会"},
{"n":"W王心凌","v":"王心凌演唱会"},
{"n":"W王俊凯","v":"王俊凯演唱会"},
{"n":"W王靖雯","v":"好声音王靖雯演唱会"},
{"n":"王源","v":"王源演唱会"},
{"n":"W汪峰","v":"汪峰演唱会"},
{"n":"W伍佰","v":"伍佰演唱会"},
{"n":"W王菲","v":"王菲演唱会"},
{"n":"W五月天","v":"五月天演唱会"},
{"n":"W汪苏泷","v":"汪苏泷演唱会"},
{"n":"X许冠杰","v":"许冠杰演唱会"},
{"n":"X徐佳莹","v":"徐佳莹演唱会"},
{"n":"X弦子","v":"弦子演唱会"},
{"n":"X萧亚轩","v":"萧亚轩演唱会"},
{"n":"X许巍","v":"许巍演唱会"},
{"n":"X薛之谦","v":"薛之谦演唱会"},
{"n":"X许嵩","v":"许嵩演唱会"},
{"n":"X小虎队","v":"小虎队演唱会"},
{"n":"X萧敬腾","v":"萧敬腾演唱会"},
{"n":"X谢霆锋","v":"谢霆锋演唱会"},
{"n":"X徐小凤","v":"徐小凤演唱会"},
{"n":"X信乐队","v":"信乐队演唱会"},
{"n":"Y夜愿乐队","v":"夜愿乐队演唱会"},
{"n":"Y羽泉","v":"羽泉演唱会"},
{"n":"Y郁可唯","v":"郁可唯演唱会"},
{"n":"Y叶倩文","v":"叶倩文演唱会"},
{"n":"Y杨坤","v":"杨坤演唱会"},
{"n":"Y庾澄庆","v":"庾澄庆演唱会"},
{"n":"Y尤长靖","v":"尤长靖演唱会"},
{"n":"Y易烊千玺","v":"易烊千玺演唱会"},
{"n":"Y袁娅维","v":"袁娅维演唱会"},
{"n":"Y杨丞琳","v":"杨丞琳演唱会"},
{"n":"Y杨千嬅","v":"杨千嬅演唱会"},
{"n":"Y杨宗纬","v":"杨宗纬演唱会"},
{"n":"Z郑秀文","v":"郑秀文演唱会"},
{"n":"Z周杰伦","v":"周杰伦演唱会"},
{"n":"Z张学友","v":"张学友演唱会"},
{"n":"Z张信哲","v":"张信哲演唱会"},
{"n":"Z张宇","v":"张宇演唱会"},
{"n":"Z周华健","v":"周华健演唱会"},
{"n":"Z张韶涵","v":"张韶涵演唱会"},
{"n":"Z周深","v":"周深演唱会"},
{"n":"Z纵贯线","v":"纵贯线演唱会"},
{"n":"Z赵雷","v":"赵雷演唱会"},
{"n":"Z周传雄","v":"周传雄演唱会"},
{"n":"Z张国荣","v":"张国荣演唱会"},
{"n":"Z周慧敏","v":"周慧敏演唱会"},
{"n":"Z张惠妹","v":"张惠妹演唱会"},
{"n":"Z周笔畅","v":"周笔畅演唱会"},
{"n":"Z郑中基","v":"郑中基演唱会"},
{"n":"Z张靓颖","v":"张靓颖演唱会"},
{"n":"Z张艺兴","v":"张艺兴演唱会"},
{"n":"Z张震岳","v":"张震岳演唱会"},
{"n":"Z张雨生","v":"张雨生演唱会"},
{"n":"Z郑智化","v":"郑智化演唱会"},
{"n":"Z卓依婷","v":"卓依婷演唱会"}]},
{"key": "duration","name": "时长","value":[
{"n": "全部","v": "0"},
{"n": "60分钟以上","v": "4"},
{"n": "30~60分钟","v": "3"},
{"n": "10~30分钟","v": "2"},
{"n": "10分钟以下","v": "1"}]}],

    "音乐": [
{"key": "order","name": "排序","value": [
{"n": "排序","v": "0"},
{"n": "最多点击","v": "click"},
{"n": "最新发布","v": "pubdate"},
{"n": "最多弹幕","v": "dm"},
{"n": "最多收藏","v": "stow"}]},
{"key": "tid","name": "分类","value": [
{"n": "全部","v": "新歌推荐"},
{"n": "音乐","v": "流行歌曲"},
{"n": "超然BGM","v": "史诗音乐MV"},
{"n": "纯音乐","v": "纯音乐"},
{"n": "抖音榜","v": "抖音热门MV"},
{"n": "网络榜","v": "网络热门歌曲"},
{"n": "流行榜","v": "音乐流行榜"},
{"n": "KTV热门","v": "KTV热门MV"},
{"n": "国语MV","v": "国语MV"},
{"n": "粤语MV","v": "粤语MV"},
{"n": "闽南语","v": "闽南语MV"},
{"n": "怀旧经典","v": "怀旧经典老歌"},
{"n": "背景音乐","v": "背景音乐"},
{"n": "酒廊情歌","v": "酒廊情歌"},
{"n": "经典民歌","v": "民歌"},
{"n": "古筝","v": "古筝MV"},
{"n": "中国风","v": "古风MV"},
{"n": "TOP50","v": "TOP50音乐"},
{"n": "电音","v": "中文DJ"}]},
{"key": "duration","name": "时长","value": [
{"n": "全部","v": "0"},
{"n": "60分钟以上","v": "4"},
{"n": "30~60分钟","v": "3"},
{"n": "10~30分钟","v": "2"},
{"n": "10分钟以下","v": "1"}]}],

    "宝丽金": [
{"key": "order","name": "排序","value": [
{"n": "排序","v": "0"},
{"n": "最多点击","v": "click"},
{"n": "最新发布","v": "pubdate"},
{"n": "最多弹幕","v": "dm"},
{"n": "最多收藏","v": "stow"}]},
{"key": "tid","name": "分类","value": [
{"n": "全部","v": "宝丽金歌曲"},
{"n": "演唱会","v": "宝丽金演唱会"},
{"n": "经典","v": "宝丽金经典"},
{"n": "80年代","v": "80年代宝丽金"},
{"n": "90年代","v": "90年代宝丽金"}]},
{"key": "duration","name": "时长","value": [
{"n": "全部","v": "0"},
{"n": "60分钟以上","v": "4"},
{"n": "30~60分钟","v": "3"},
{"n": "10~30分钟","v": "2"},
{"n": "10分钟以下","v": "1"}]}]

}}
