{
  "drives": [
    {
      "name": "小雅",
      "server": "http://alist.xiaoya.pro"
    },
    {
      "name": "杜比",
      "server": "https://dubi.tk"
    },
    {
      "name": "帅鹏",
      "server": "https://hi.shuaipeng.wang"
    },
    {
      "name": "星梦",
      "server": "https://pan.bashroot.top"
    },
    {
      "name": "梓澪",
      "server": "https://zi0.cc"
    },
    {
      "name": "米奇",
      "server": "https://anime.mqmmw.ga"
    },
    {
      "name": "触光",
      "server": "https://pan.ichuguang.com"
    },
    {
      "name": "一只鱼",
      "server": "https://alist.youte.ml"
    },
    {
      "name": "七米蓝",
      "server": "https://al.chirmyram.com"
    },
    {
      "name": "云播放",
      "server": "https://quanzi.laoxianghuijia.cn"
    },
    {
      "name": "姬路白雪",
      "server": "https://pan.jlbx.xyz"
    },
    {
      "name": "神族九帝",
      "server": "https://alist.shenzjd.com"
    },
    {
      "name": "资源小站",
      "server": "https://960303.xyz"
    }
  ]
}