{
  "作者":"那里花开",
  "站名": "剧白白",
  "主页url": "https://www.jubaibaia.com/",
  "分类": "电影&电视剧&综艺&动漫",
  "分类值": "dianying&lianxuju&zongyi&dongman",
  "分类url": "https://www.jubaibaia.com/s/{cateId}/area/{area}/class/{class}/page/{catePg}/year/{year}.html",
  "搜索模式": "1",
  "导演": "导演：&&</p>",
  "主演": "主演：&&</p>",
  "简介": "<p>&&</p>",
  "副标题": "class=\"notes\">&&</div>",
  "线路数组": "class=\"nav-tabs>&&</ul>[替换:线路>>👉♡线路♥]",
  "线路标题": ">&&<",
  "播放数组": "playlist column\">&&</ul>",
  "播放链接":"href=\"&&\"",
  "影片类型":"<a class=\"btn btn-danger\">&&立即播放",
  "筛选":{
"dianying":[
  {"key":"class","name":"剧情","value":[
  {"n":"全部","v":""},
  {"n":"动作","v":"动作"},
  {"n":"喜剧","v":"喜剧"},
  {"n":"爱情","v":"爱情"},
  {"n":"恐怖","v":"恐怖"},
  {"n":"科幻","v":"科幻"},
  {"n":"剧情","v":"剧情"},
  {"n":"战争","v":"战争"},
  {"n":"警匪","v":"警匪"},
  {"n":"犯罪","v":"犯罪"},
  {"n":"动画","v":"动画"},
  {"n":"奇幻","v":"奇幻"},
  {"n":"武侠","v":"武侠"},
  {"n":"冒险","v":"冒险"},
  {"n":"枪战","v":"枪战"},
  {"n":"悬疑","v":"悬疑"},
  {"n":"惊悚","v":"惊悚"},
  {"n":"古装","v":"古装"},
  {"n":"历史","v":"历史"},
  {"n":"灾难","v":"灾难"},
  {"n":"伦理","v":"伦理"}]},
  
  {"key":"area","name":"地区","value":[
  {"n":"全部","v":""},
  {"n":"大陆","v":"大陆"},
  {"n":"香港","v":"香港"},
  {"n":"台湾","v":"台湾"},
  {"n":"美国","v":"美国"},
  {"n":"法国","v":"法国"},
  {"n":"英国","v":"英国"},
  {"n":"日本","v":"日本"},
  {"n":"韩国","v":"韩国"},
  {"n":"德国","v":"德国"},
  {"n":"印度","v":"印度"},
  {"n":"其他","v":"其他"}]},
  
  {"key":"year","name":"年份","value":[
  {"n":"全部","v":""},
  {"n":"2022","v":"2022"},
  {"n":"2021","v":"2021"},
  {"n":"2020","v":"2020"},
  {"n":"2019","v":"2019"},
  {"n":"2018","v":"2018"},
  {"n":"2017","v":"2017"},
  {"n":"2016","v":"2016"}]}],
  
"lianxuju":[
  {"key":"class","name":"剧情","value":[
  {"n":"全部","v":""},
  {"n":"古装","v":"古装"},
  {"n":"战争","v":"战争"},
  {"n":"动作","v":"动作"},
  {"n":"家庭","v":"家庭"},
  {"n":"犯罪","v":"犯罪"},
  {"n":"奇幻","v":"奇幻"},
  {"n":"历史","v":"历史"},
  {"n":"剧情","v":"剧情"},
  {"n":"商战","v":"商战"},
  {"n":"网剧","v":"网剧"},
  {"n":"喜剧","v":"喜剧"}]},
  
  {"key":"area","name":"地区","value":[
  {"n":"全部","v":""},
  {"n":"大陆","v":"大陆"},
  {"n":"香港","v":"香港"},
  {"n":"台湾","v":"台湾"},
  {"n":"美国","v":"美国"},
  {"n":"法国","v":"法国"},
  {"n":"英国","v":"英国"},
  {"n":"日本","v":"日本"},
  {"n":"韩国","v":"韩国"},
  {"n":"德国","v":"德国"},
  {"n":"泰国","v":"泰国"},
  {"n":"印度","v":"印度"},
  {"n":"其它","v":"其它"}]},
  
  {"key":"year","name":"年份","value":[
  {"n":"全部","v":""},
  {"n":"2022","v":"2022"},
  {"n":"2021","v":"2021"},
  {"n":"2020","v":"2020"},
  {"n":"2019","v":"2019"},
  {"n":"2018","v":"2018"},
  {"n":"2017","v":"2017"},
  {"n":"2016","v":"2016"}]}],
  
"zongyi":[
  {"key":"area","name":"地区","value":[
  {"n":"全部","v":""},
  {"n":"大陆","v":"大陆"},
  {"n":"香港","v":"香港"},
  {"n":"台湾","v":"台湾"},
  {"n":"美国","v":"美国"},
  {"n":"法国","v":"法国"},
  {"n":"英国","v":"英国"},
  {"n":"日本","v":"日本"},
  {"n":"韩国","v":"韩国"},
  {"n":"德国","v":"德国"},
  {"n":"泰国","v":"泰国"},
  {"n":"印度","v":"印度"},
  {"n":"其它","v":"其它"}]},
  
  {"key":"year","name":"年份","value":[
  {"n":"全部","v":""},
  {"n":"2022","v":"2022"},
  {"n":"2021","v":"2021"},
  {"n":"2020","v":"2020"},
  {"n":"2019","v":"2019"},
  {"n":"2018","v":"2018"},
  {"n":"2017","v":"2017"},
  {"n":"2016","v":"2016"}]}],

"dongman":[
  {"key":"class","name":"剧情","value":[
  {"n":"全部","v":""},
  {"n":"热血","v":"热血"},
  {"n":"推理","v":"推理"},
  {"n":"搞笑","v":"搞笑"},
  {"n":"冒险","v":"冒险"},
  {"n":"校园","v":"校园"},
  {"n":"动作","v":"动作"},
  {"n":"机战","v":"机战"},
  {"n":"运动","v":"运动"},
  {"n":"战争","v":"战争"},
  {"n":"亲子","v":"亲子"},
  {"n":"益智","v":"益智"},
  {"n":"励志","v":"励志"}]},
  
  {"key":"area","name":"地区","value":[
  {"n":"全部","v":""},
  {"n":"大陆","v":"大陆"},
  {"n":"香港","v":"香港"},
  {"n":"台湾","v":"台湾"},
  {"n":"美国","v":"美国"},
  {"n":"法国","v":"法国"},
  {"n":"英国","v":"英国"},
  {"n":"日本","v":"日本"},
  {"n":"韩国","v":"韩国"},
  {"n":"德国","v":"德国"},
  {"n":"泰国","v":"泰国"},
  {"n":"印度","v":"印度"},
  {"n":"其它","v":"其它"}]},
  
  {"key":"year","name":"年份","value":[
  {"n":"全部","v":""},
  {"n":"2022","v":"2022"},
  {"n":"2021","v":"2021"},
  {"n":"2020","v":"2020"},
  {"n":"2019","v":"2019"},
  {"n":"2018","v":"2018"},
  {"n":"2017","v":"2017"},
  {"n":"2016","v":"2016"}]}]}
}
