{
	"主页url": "https://www.zxzj.pro",
	"免嗅": "1",
	"播放标题": ">&&<",
	"副标题": "class=\"pic-text text-right\">&&</span>",
	"线路数组": "class=\"stui-vodlist__head&&</div>",
	"线路标题": "<h3>&&</h3>",
	"播放数组": "class=\"stui-content__playlist&&</ul>",
	"分类": "电影$1#美剧$2#韩剧$3#日剧$4#泰剧$5#动漫$6",
	"分类url": "https://www.zxzj.pro/vodshow/{cateId}-{area}-------{catePg}---{year}.html",
	"筛选":
{
"1":[
{"key":"area",
"name":"地区",
"value":[
{"n":"全部","v":""},
{"n":"大陆","v":"大陆"},
{"n":"香港","v":"香港"},
{"n":"台湾","v":"台湾"},
{"n":"欧美","v":"欧美"},
{"n":"韩国","v":"韩国"},
{"n":"日本","v":"日本"},
{"n":"泰国","v":"泰国"},
{"n":"印度","v":"印度"},
{"n":"俄罗斯","v":"俄罗斯"},
{"n":"其他","v":"其他"}]},

{"key":"lang",
"name":"语言",
"value":[
{"n":"全部","v":""},
{"n":"英语","v":"英语"},
{"n":"韩语","v":"韩语"},
{"n":"日语","v":"日语"},
{"n":"法语","v":"法语"},
{"n":"泰语","v":"泰语"},
{"n":"印度语","v":"印度语"},
{"n":"国语","v":"国语"},
{"n":"粤语","v":"粤语"},
{"n":"俄语","v":"俄语"},
{"n":"西班牙语","v":"西班牙语"},
{"n":"意大利语","v":"意大利语"},
{"n":"其他","v":"其他"}]},

{"key":"year",
"name":"年份",
"value":[
{"n":"全部","v":""},
{"n":"2023","v":"2023"},
{"n":"2022","v":"2022"},
{"n":"2021","v":"2021"},
{"n":"2020","v":"2020"},
{"n":"2019","v":"2019"},
{"n":"2018","v":"2018"},
{"n":"2017","v":"2017"},
{"n":"2016","v":"2016"},
{"n":"2015","v":"2015"},
{"n":"2014","v":"2014"},
{"n":"2013","v":"2013"},
{"n":"2012","v":"2012"},
{"n":"2011","v":"2011"},
{"n":"2010","v":"2010"},
{"n":"2009","v":"2009"},
{"n":"2008","v":"2008"},
{"n":"2007","v":"2007"},
{"n":"2006","v":"2006"},
{"n":"2005","v":"2005"},
{"n":"2004","v":"2004"},
{"n":"2003","v":"2003"},
{"n":"2002","v":"2002"},
{"n":"2001","v":"2001"},
{"n":"2000","v":"2000"}]}]}
}
