{
"作者":"那里花开",
"站名":"布蕾影院",
"主页url":"https://www.bulei.cc",
"导演":"导演：&&</a>",
"主演":"主演：&&</div>",
"简介":"<p>&&</p>",
"搜索模式":"1",
"线路数组":"class=\"module-tab-item&&</div>",
"线路标题":"<span>&&</small>",
"播放数组":"class=\"module-play-list&&</div>",

"分类":"电影$1#续集$2#综艺$3#动漫$4#欧美剧$5#日韩剧$21#哔哩哔哩$22",
"分类url":"https://www.bulei.cc/index.php/vod/show/area/{area}/by/{by}/class/{class}/id/{cateId}/lang/{lang}/page/{catePg}/year/{year}.html",
"筛选":{
  
"1":[
{"key":"class","name":"剧情","value":[
{"n":"全部","v":""},
{"n":"爱情","v":"爱情"},
{"n":"剧情","v":"剧情"},
{"n":"喜剧","v":"喜剧"},
{"n":"家庭","v":"家庭"},
{"n":"伦理","v":"伦理"},
{"n":"文艺","v":"文艺"},
{"n":"音乐","v":"音乐"},
{"n":"歌舞","v":"歌舞"},
{"n":"动漫","v":"动漫"},
{"n":"西部","v":"西部"},
{"n":"武侠","v":"武侠"},
{"n":"古装","v":"古装"},
{"n":"动作","v":"动作"},
{"n":"恐怖","v":"恐怖"},
{"n":"惊悚","v":"惊悚"},
{"n":"冒险","v":"冒险"},
{"n":"犯罪","v":"犯罪"},
{"n":"悬疑","v":"悬疑"},
{"n":"记录","v":"记录"},
{"n":"战争","v":"战争"},
{"n":"历史","v":"历史"},
{"n":"传记","v":"传记"},
{"n":"体育","v":"体育"},
{"n":"科幻","v":"科幻"},
{"n":"魔幻","v":"魔幻"},
{"n":"奇幻","v":"奇幻片"}]},
  
{"key":"area","name":"地区","value":[
{"n":"全部","v":""},
{"n":"内地","v":"内地"},
{"n":"香港","v":"香港"},
{"n":"台湾","v":"台湾"},
{"n":"美国","v":"美国"},
{"n":"法国","v":"法国"},
{"n":"英国","v":"英国"},
{"n":"日本","v":"日本"},
{"n":"韩国","v":"韩国"},
{"n":"德国","v":"德国"},
{"n":"泰国","v":"泰国"},
{"n":"印度","v":"印度"},
{"n":"意大利","v":"意大利"},
{"n":"西班牙","v":"西班牙"},
{"n":"加拿大","v":"加拿大"},
{"n":"其他","v":"其他"}]},
  
{"key":"lang","name":"语言","value":[
{"n":"全部","v":""},
{"n":"国语","v":"国语"},
{"n":"英语","v":"英语"},
{"n":"粤语","v":"粤语"},
{"n":"闽南语","v":"闽南语"},
{"n":"韩语","v":"韩语"},
{"n":"日语","v":"日语"},
{"n":"法语","v":"法语"},
{"n":"德语","v":"德语"},
{"n":"其它","v":"其它"}]},
  
{"key":"year","name":"年份","value":[
{"n":"全部","v":""},
{"n":"2022","v":"2022"},
{"n":"2021","v":"2021"},
{"n":"2020","v":"2020"},
{"n":"2019","v":"2019"},
{"n":"2018","v":"2018"},
{"n":"2017","v":"2017"},
{"n":"2016","v":"2016"},
{"n":"2015","v":"2015"},
{"n":"2014","v":"2014"},
{"n":"2013","v":"2013"},
{"n":"2012","v":"2012"},
{"n":"2011","v":"2011"},
{"n":"2010","v":"2010"},
{"n":"2009","v":"2009"},
{"n":"2008","v":"2008"},
{"n":"2007","v":"2007"},
{"n":"2006","v":"2006"},
{"n":"2005","v":"2005"},
{"n":"2004","v":"2004"},
{"n":"2003","v":"2003"},
{"n":"2002","v":"2002"},
{"n":"2001","v":"2001"},
{"n":"2000","v":"2000"}]},
  
{"key":"by","name":"排序","value":[
{"n":"时间","v":"time"},
{"n":"人气","v":"hits"},
{"n":"评分","v":"score"}]}],
  
"2":[
{"key":"class","name":"剧情","value":[
{"n":"全部","v":""},
{"n":"古装","v":"古装"},
{"n":"战争","v":"战争"},
{"n":"偶像","v":"偶像"},
{"n":"喜剧","v":"喜剧"},
{"n":"家庭","v":"家庭"},
{"n":"犯罪","v":"犯罪"},
{"n":"动作","v":"动作"},
{"n":"奇幻","v":"奇幻"},
{"n":"剧情","v":"剧情"},
{"n":"历史","v":"历史"},
{"n":"经典","v":"经典"},
{"n":"乡村","v":"乡村"},
{"n":"情景","v":"情景"},
{"n":"商战","v":"商战"},
{"n":"网剧","v":"网剧"},
{"n":"其他","v":"其他"}]},  
  
{"key":"area","name":"地区","value":[
{"n":"全部","v":""},
{"n":"内地","v":"内地"},
{"n":"香港","v":"香港"},
{"n":"台湾","v":"台湾"},
{"n":"新加坡","v":"新加坡"},
{"n":"印度","v":"印度"},
{"n":"泰国","v":"泰国"},
{"n":"其他","v":"其他"}]},
  
{"key":"lang","name":"语言","value":[
{"n":"全部","v":""},
{"n":"国语","v":"国语"},
{"n":"英语","v":"英语"},
{"n":"粤语","v":"粤语"},
{"n":"闽南语","v":"闽南语"},
{"n":"韩语","v":"韩语"},
{"n":"日语","v":"日语"},
{"n":"泰语","v":"泰语"},
{"n":"其它","v":"其它"}]},
  
{"key":"year","name":"年份","value":[
{"n":"全部","v":""},
{"n":"2022","v":"2022"},
{"n":"2021","v":"2021"},
{"n":"2020","v":"2020"},
{"n":"2019","v":"2019"},
{"n":"2018","v":"2018"},
{"n":"2017","v":"2017"},
{"n":"2016","v":"2016"},
{"n":"2015","v":"2015"},
{"n":"2014","v":"2014"},
{"n":"2013","v":"2013"},
{"n":"2012","v":"2012"},
{"n":"2011","v":"2011"},
{"n":"2010","v":"2010"},
{"n":"2009","v":"2009"},
{"n":"2008","v":"2008"},
{"n":"2007","v":"2007"},
{"n":"2006","v":"2006"},
{"n":"2005","v":"2005"},
{"n":"2004","v":"2004"},
{"n":"2003","v":"2003"},
{"n":"2002","v":"2002"},
{"n":"2001","v":"2001"},
{"n":"2000","v":"2000"}]},
  
{"key":"by","name":"排序","value":[
{"n":"时间","v":"time"},
{"n":"人气","v":"hits"},
{"n":"评分","v":"score"}]}],
  
"3":[
  
{"key":"area","name":"地区","value":[
{"n":"全部","v":""},
{"n":"内地","v":"内地"},
{"n":"香港","v":"香港"},
{"n":"台湾","v":"台湾"},
{"n":"日本","v":"日本"},
{"n":"韩国","v":"韩国"},
{"n":"欧美","v":"欧美"}]},
  
{"key":"lang","name":"语言","value":[
{"n":"全部","v":""},
{"n":"国语","v":"国语"},
{"n":"英语","v":"英语"},
{"n":"粤语","v":"粤语"},
{"n":"闽南语","v":"闽南语"},
{"n":"韩语","v":"韩语"},
{"n":"日语","v":"日语"},
{"n":"其它","v":"其它"}]},
  
{"key":"year","name":"年份","value":[
{"n":"全部","v":""},
{"n":"2022","v":"2022"},
{"n":"2021","v":"2021"},
{"n":"2020","v":"2020"},
{"n":"2019","v":"2019"},
{"n":"2018","v":"2018"},
{"n":"2017","v":"2017"},
{"n":"2016","v":"2016"},
{"n":"2015","v":"2015"},
{"n":"2014","v":"2014"},
{"n":"2013","v":"2013"},
{"n":"2012","v":"2012"},
{"n":"2011","v":"2011"},
{"n":"2010","v":"2010"},
{"n":"2009","v":"2009"},
{"n":"2008","v":"2008"},
{"n":"2007","v":"2007"},
{"n":"2006","v":"2006"},
{"n":"2005","v":"2005"},
{"n":"2004","v":"2004"},
{"n":"2003","v":"2003"},
{"n":"2002","v":"2002"},
{"n":"2001","v":"2001"},
{"n":"2000","v":"2000"}]},
  
{"key":"by","name":"排序","value":[
{"n":"时间","v":"time"},
{"n":"人气","v":"hits"},
{"n":"评分","v":"score"}]}],
  
"4":[
  
{"key":"class","name":"剧情","value":[
{"n":"全部","v":""},
{"n":"科幻","v":"科幻"},
{"n":"热血","v":"热血"},
{"n":"推理","v":"推理"},
{"n":"搞笑","v":"搞笑"},
{"n":"冒险","v":"冒险"},
{"n":"校园","v":"校园"},
{"n":"动作","v":"动作"},
{"n":"机战","v":"机战"},
{"n":"运动","v":"运动"},  
{"n":"战争","v":"战争"},
{"n":"少年","v":"少年"},
{"n":"少女","v":"少女"},
{"n":"社会","v":"社会"},
{"n":"原创","v":"原创"},
{"n":"亲子","v":"亲子"},
{"n":"益智","v":"益智"},
{"n":"励志","v":"励志"},
{"n":"萝莉","v":"萝莉"},
{"n":"其他","v":"其他"}]},
 
{"key":"area","name":"地区","value":[
{"n":"全部","v":""},
{"n":"内地","v":"内地"},
{"n":"日本","v":"日本"},
{"n":"欧美","v":"欧美"},
{"n":"其他","v":"其他"}]},
  
{"key":"lang","name":"语言","value":[
{"n":"全部","v":""},
{"n":"国语","v":"国语"},
{"n":"英语","v":"英语"},
{"n":"粤语","v":"粤语"},
{"n":"闽南语","v":"闽南语"},
{"n":"韩语","v":"韩语"},
{"n":"日语","v":"日语"},
{"n":"其它","v":"其它"}]},
  
{"key":"year","name":"年份","value":[
{"n":"全部","v":""},
{"n":"2022","v":"2022"},
{"n":"2021","v":"2021"},
{"n":"2020","v":"2020"},
{"n":"2019","v":"2019"},
{"n":"2018","v":"2018"},
{"n":"2017","v":"2017"},
{"n":"2016","v":"2016"},
{"n":"2015","v":"2015"},
{"n":"2014","v":"2014"},
{"n":"2013","v":"2013"},
{"n":"2012","v":"2012"},
{"n":"2011","v":"2011"},
{"n":"2010","v":"2010"},
{"n":"2009","v":"2009"},
{"n":"2008","v":"2008"},
{"n":"2007","v":"2007"},
{"n":"2006","v":"2006"},
{"n":"2005","v":"2005"},
{"n":"2004","v":"2004"},
{"n":"2003","v":"2003"},
{"n":"2002","v":"2002"},
{"n":"2001","v":"2001"},
{"n":"2000","v":"2000"}]},
 
{"key":"by","name":"排序","value":[
{"n":"时间","v":"time"},
{"n":"人气","v":"hits"},
{"n":"评分","v":"score"}]}],

"5":[
{"key":"class","name":"剧情","value":[
{"n":"全部","v":""},
{"n":"爱情","v":"爱情"},
{"n":"剧情","v":"剧情"},
{"n":"喜剧","v":"喜剧"},
{"n":"家庭","v":"家庭"},
{"n":"科幻","v":"科幻"},
{"n":"犯罪","v":"犯罪"},
{"n":"悬疑","v":"悬疑"},
{"n":"西部","v":"西部"},
{"n":"音乐","v":"音乐"},
{"n":"歌舞","v":"歌舞"},
{"n":"武侠","v":"武侠"},
{"n":"古装","v":"古装"},
{"n":"动作","v":"动作"},
{"n":"恐怖","v":"恐怖"},
{"n":"惊悚","v":"惊悚"},
{"n":"冒险","v":"冒险"},
{"n":"记录","v":"记录"},
{"n":"战争","v":"战争"},
{"n":"历史","v":"历史"},
{"n":"传记","v":"传记"},
{"n":"体育","v":"体育"},
{"n":"魔幻","v":"魔幻"},
{"n":"奇幻","v":"奇幻"},
{"n":"伦理","v":"伦理"},
{"n":"文艺","v":"文艺"}]},
  
{"key":"area","name":"地区","value":[
{"n":"全部","v":""},
{"n":"美国","v":"美国"},
{"n":"英国","v":"英国"},
{"n":"西班牙","v":"西班牙"},
{"n":"葡萄牙","v":"葡萄牙"},
{"n":"意大利","v":"意大利"},
{"n":"德国","v":"德国"},
{"n":"其他","v":"其他"}]},
  
{"key":"lang","name":"语言","value":[
{"n":"全部","v":""},
{"n":"英语","v":"英语"},
{"n":"法语","v":"法语"},
{"n":"德语","v":"德语"},
{"n":"葡萄牙语","v":"葡萄牙语"},
{"n":"意大利语","v":"意大利语"},
{"n":"其它","v":"其它"}]},
  
{"key":"year","name":"年份","value":[
{"n":"全部","v":""},
{"n":"2022","v":"2022"},
{"n":"2021","v":"2021"},
{"n":"2020","v":"2020"},
{"n":"2019","v":"2019"},
{"n":"2018","v":"2018"},
{"n":"2017","v":"2017"},
{"n":"2016","v":"2016"},
{"n":"2015","v":"2015"},
{"n":"2014","v":"2014"},
{"n":"2013","v":"2013"},
{"n":"2012","v":"2012"},
{"n":"2011","v":"2011"},
{"n":"2010","v":"2010"},
{"n":"2009","v":"2009"},
{"n":"2008","v":"2008"},
{"n":"2007","v":"2007"},
{"n":"2006","v":"2006"},
{"n":"2005","v":"2005"},
{"n":"2004","v":"2004"},
{"n":"2003","v":"2003"},
{"n":"2002","v":"2002"},
{"n":"2001","v":"2001"},
{"n":"2000","v":"2000"}]},
  
{"key":"by","name":"排序","value":[
{"n":"时间","v":"time"},
{"n":"人气","v":"hits"},
{"n":"评分","v":"score"}]}],

"21":[
{"key":"class","name":"剧情","value":[
{"n":"全部","v":""},
{"n":"爱情","v":"爱情"},
{"n":"剧情","v":"剧情"},
{"n":"喜剧","v":"喜剧"},
{"n":"家庭","v":"家庭"},
{"n":"科幻","v":"科幻"},
{"n":"犯罪","v":"犯罪"},
{"n":"悬疑","v":"悬疑"},
{"n":"西部","v":"西部"},
{"n":"音乐","v":"音乐"},
{"n":"歌舞","v":"歌舞"},
{"n":"武侠","v":"武侠"},
{"n":"古装","v":"古装"},
{"n":"动作","v":"动作"},
{"n":"恐怖","v":"恐怖"},
{"n":"惊悚","v":"惊悚"},
{"n":"冒险","v":"冒险"},
{"n":"记录","v":"记录"},
{"n":"战争","v":"战争"},
{"n":"历史","v":"历史"},
{"n":"传记","v":"传记"},
{"n":"体育","v":"体育"},
{"n":"魔幻","v":"魔幻"},
{"n":"奇幻","v":"奇幻"},
{"n":"伦理","v":"伦理"},
{"n":"文艺","v":"文艺"}]},
  
{"key":"area","name":"地区","value":[
{"n":"全部","v":""},
{"n":"日本","v":"日本"},
{"n":"韩国","v":"韩国"}]},
  
{"key":"lang","name":"语言","value":[
{"n":"全部","v":""},
{"n":"日语","v":"日语"},
{"n":"韩语","v":"韩语"}]},
  
{"key":"year","name":"年份","value":[
{"n":"全部","v":""},
{"n":"2022","v":"2022"},
{"n":"2021","v":"2021"},
{"n":"2020","v":"2020"},
{"n":"2019","v":"2019"},
{"n":"2018","v":"2018"},
{"n":"2017","v":"2017"},
{"n":"2016","v":"2016"},
{"n":"2015","v":"2015"},
{"n":"2014","v":"2014"},
{"n":"2013","v":"2013"},
{"n":"2012","v":"2012"},
{"n":"2011","v":"2011"},
{"n":"2010","v":"2010"},
{"n":"2009","v":"2009"},
{"n":"2008","v":"2008"},
{"n":"2007","v":"2007"},
{"n":"2006","v":"2006"},
{"n":"2005","v":"2005"},
{"n":"2004","v":"2004"},
{"n":"2003","v":"2003"},
{"n":"2002","v":"2002"},
{"n":"2001","v":"2001"},
{"n":"2000","v":"2000"}]},
  
{"key":"by","name":"排序","value":[
{"n":"时间","v":"time"},
{"n":"人气","v":"hits"},
{"n":"评分","v":"score"}]}],


"22":[
{"key":"class","name":"剧情","value":[
{"n":"全部","v":""},
{"n":"番","v":"番"},
{"n":"国创","v":"国创"},
{"n":"电视","v":"电视"},
{"n":"家庭","v":"家庭"},
{"n":"电影","v":"电影"},
{"n":"犯罪","v":"犯罪"},
{"n":"剧情","v":"剧情"},
{"n":"喜剧","v":"喜剧"},
{"n":"家庭","v":"家庭"},
{"n":"伦理","v":"伦理"},
{"n":"文艺","v":"文艺"},
{"n":"音乐","v":"音乐"},
{"n":"动作","v":"动作"},
{"n":"歌舞","v":"歌舞"},
{"n":"动漫","v":"动漫"},
{"n":"西部","v":"西部"},
{"n":"武侠","v":"武侠"},
{"n":"古装","v":"古装"},
{"n":"动作","v":"动作"},
{"n":"恐怖","v":"恐怖"},
{"n":"惊悚","v":"惊悚"},
{"n":"冒险","v":"冒险"},
{"n":"犯罪","v":"犯罪"},
{"n":"悬疑","v":"悬疑"},
{"n":"记录","v":"记录"},
{"n":"战争","v":"战争"},
{"n":"历史","v":"历史"},
{"n":"传记","v":"传记"},
{"n":"科幻","v":"科幻"},
{"n":"魔幻","v":"魔幻"},
{"n":"奇幻","v":"奇幻片"}]},
  
{"key":"area","name":"地区","value":[
{"n":"全部","v":""},
{"n":"内地","v":"内地"},
{"n":"香港","v":"香港"},
{"n":"台湾","v":"台湾"},
{"n":"美国","v":"美国"},
{"n":"法国","v":"法国"},
{"n":"英国","v":"英国"},
{"n":"日本","v":"日本"},
{"n":"韩国","v":"韩国"},
{"n":"德国","v":"德国"},
{"n":"泰国","v":"泰国"},
{"n":"印度","v":"印度"},
{"n":"意大利","v":"意大利"},
{"n":"西班牙","v":"西班牙"},
{"n":"加拿大","v":"加拿大"},
{"n":"其他","v":"其他"}]},
  
{"key":"lang","name":"语言","value":[
{"n":"全部","v":""},
{"n":"国语","v":"国语"},
{"n":"英语","v":"英语"},
{"n":"粤语","v":"粤语"},
{"n":"闽南语","v":"闽南语"},
{"n":"韩语","v":"韩语"},
{"n":"日语","v":"日语"},
{"n":"法语","v":"法语"},
{"n":"德语","v":"德语"},
{"n":"其它","v":"其它"}]},
  
{"key":"year","name":"年份","value":[
{"n":"全部","v":""},
{"n":"2022","v":"2022"},
{"n":"2021","v":"2021"},
{"n":"2020","v":"2020"},
{"n":"2019","v":"2019"},
{"n":"2018","v":"2018"},
{"n":"2017","v":"2017"},
{"n":"2016","v":"2016"},
{"n":"2015","v":"2015"},
{"n":"2014","v":"2014"},
{"n":"2013","v":"2013"},
{"n":"2012","v":"2012"},
{"n":"2011","v":"2011"},
{"n":"2010","v":"2010"},
{"n":"2009","v":"2009"},
{"n":"2008","v":"2008"},
{"n":"2007","v":"2007"},
{"n":"2006","v":"2006"},
{"n":"2005","v":"2005"},
{"n":"2004","v":"2004"},
{"n":"2003","v":"2003"},
{"n":"2002","v":"2002"},
{"n":"2001","v":"2001"},
{"n":"2000","v":"2000"}]},
  
{"key":"by","name":"排序","value":[
{"n":"时间","v":"time"},
{"n":"人气","v":"hits"},
{"n":"评分","v":"score"}]}]}}
