{
  "站名": "快看影视",
  "主页url": "https://www.kuaikanys.net",
  
  "分类": "电影$dianying#连续剧$lianxuju#综艺$zongyi#动漫$dongman",
  
  "分类url": "https://www.kuaikanys.net/s/{cateId}/page/{catePg}.html",
  
  "数组": "<div class=\"tu\">&&</li>",
  "副标题": "score\">&&</span>",
  
  "搜索模式": "0",
  "搜索后缀":"/v/",
  
  "状态": "0",
  "导演": "导演：&&</li>",
  "主演": "主演：&&</li>",
  "简介": "<div class=\"text\">&&</div>",
  
  "线路二次截取": "<div class=\"play\">&&</div>",
  "线路数组": "<span&&/span>",
  "线路标题": ">&&<",
  
  "播放二次截取": "<div class=\"playlist\">&&</div>",
  "播放数组": "<ul>&&</ul>",
  
  "筛选":{
"dianying":[
  {"key":"cateId","name":"类型","value":[
  {"n":"全部","v":"dianying"},
  {"n":"动作片","v":"dongzuopian"},
  {"n":"喜剧片","v":"xijupian"},
  {"n":"爱情片","v":"aiqingpian"},
  {"n":"科幻片","v":"kehuanpian"},
  {"n":"言情片","v":"yanqingpian"},
  {"n":"恐怖片","v":"kongbupian"},
  {"n":"剧情片","v":"juqingpian"},
  {"n":"战争片","v":"zhanzhengpian"}]}],
  
"lianxuju":[
  {"key":"cateId","name":"类型","value":[
  {"n":"全部","v":"lianxuju"},
  {"n":"国产剧","v":"guochanju"},
  {"n":"港台剧","v":"gangtaiju"},
  {"n":"日韩剧","v":"rihanju"},
  {"n":"欧美剧","v":"oumeiju"},
  {"n":"其他剧","v":"qitaju"}]}]}
}