{
"作者":"张弘",
"站名":"歪片星球",
"主页url":"https://waipian12.com/",
"二次截取":"class=\"module-items&&<div class=\"fixedGroup",
"数组":"<a&&module-poster-item-info",
"图片":"src=\"&&\"",
"标题":"alt=\"&&\"",
"链接":"href=\"&&\"",
"副标题":"<div class=\"module-item-note\">&&</div>",
"搜索url":"/search-{wd}----------{pg}---/",
"搜索模式":"1",
"搜索数组":"module-item\">&&</a>",
"搜索图片":"src=\"&&\"",
"搜索标题":"alt=\"&&\"",
"搜索副标题":"module-item-note\">&&</div>",
"搜索链接":"href=\"&&\"",
"线路数组":"<div class=\"module-tab-item tab-item&&</div>",
"线路标题":">&&</span>",
"播放数组":"class=\"module-play-list-content&&</div>",
"影片类型":"<div class=\"module-info-tag\">&&i>播放",
"导演":"导演：</span>&&</div>",
"主演":"主演：</span>&&</div>",
"简介":"module-info-introduction-content\">&&</div>",
"播放列表":"<a&&</a>",
"播放标题":"<span>&&</span>", 
"播放链接":"href=\"&&\"",
"分类":"电影$dianying#剧集$juji#综艺$zongyi#动漫$dongman#纪录片$jilupian#歪片库$waipian",
"分类url":"https://waipian12.com/show-{cateId}-{area}-{by}-{class}-----{catePg}---{year}/",
"筛选":
{
"dianying":[
{
"key":"class",
"name":"剧情",
"value":[
{"n":"全部","v":""},
{"n":"喜剧","v":"喜剧"},
{"n":"爱情","v":"爱情"},
{"n":"恐怖","v":"恐怖"},
{"n":"动作","v":"动作"},
{"n":"科幻","v":"科幻"},
{"n":"剧情","v":"剧情"},
{"n":"战争","v":"战争"},
{"n":"动画","v":"动画"},
{"n":"悬疑","v":"悬疑"},
{"n":"惊悚","v":"惊悚"},
{"n":"同性","v":"同性"},
{"n":"犯罪","v":"犯罪"},
{"n":"历史","v":"历史"},
{"n":"奇幻","v":"奇幻"},
{"n":"武侠","v":"武侠"},
{"n":"冒险","v":"冒险"},
{"n":"灾难","v":"灾难"},
{"n":"古装","v":"古装"}
]
},
{
"key":"area",
"name":"地区",
"value":[
{"n":"全部","v":""},
{"n":"中国大陆","v":"中国大陆"},
{"n":"中国香港","v":"中国香港"},
{"n":"中国台湾","v":"中国台湾"},
{"n":"美国","v":"美国"},
{"n":"法国","v":"法国"},
{"n":"英国","v":"英国"},
{"n":"日本","v":"日本"},
{"n":"韩国","v":"韩国"},
{"n":"泰国","v":"泰国"},
{"n":"印度","v":"印度"},
{"n":"新加坡","v":"新加坡"},
{"n":"俄罗斯","v":"俄罗斯"},
{"n":"加拿大","v":"加拿大"},
{"n":"马来西亚","v":"马来西亚"},
{"n":"澳大利亚","v":"澳大利亚"}
]
},
{
"key":"year",
"name":"年份",
"value":[
{"n":"全部","v":""},
{"n":"2022","v":"2022"},
{"n":"2021","v":"2021"},
{"n":"2020","v":"2020"},
{"n":"2019","v":"2019"},
{"n":"2018","v":"2018"},
{"n":"2017","v":"2017"},
{"n":"2016","v":"2016"},
{"n":"2015","v":"2015"},
{"n":"2014","v":"2014"},
{"n":"2013","v":"2013"},
{"n":"2012","v":"2012"},
{"n":"2011","v":"2011"},
{"n":"2010","v":"2010"},
{"n":"2009","v":"2009"},
{"n":"2008","v":"2008"},
{"n":"2007","v":"2007"},
{"n":"2006","v":"2006"},
{"n":"2005","v":"2005"}
]
},
{
"key":"by",
"name":"排序",
"value":[
{"n":"全部","v":""},
{"n":"更新时间","v":"time"},
{"n":"热门","v":"hits"},
{"n":"实时热门","v":"hits_day"},
{"n":"今日热播","v":"hits_week"},
{"n":"新片上线","v":"year"}
]
}
],
"juji":[
{
"key":"class",
"name":"剧情",
"value":[
{"n":"全部","v":""},
{"n":"剧情","v":"剧情"},
{"n":"喜剧","v":"喜剧"},
{"n":"动作","v":"动作"},
{"n":"爱情","v":"爱情"},
{"n":"科幻","v":"科幻"},
{"n":"悬疑","v":"悬疑"},
{"n":"惊悚","v":"惊悚"},
{"n":"恐怖","v":"恐怖"},
{"n":"犯罪","v":"犯罪"},
{"n":"同性","v":"同性"},
{"n":"历史","v":"历史"},
{"n":"战争","v":"战争"},
{"n":"奇幻","v":"奇幻"},
{"n":"冒险","v":"冒险"},
{"n":"灾难","v":"灾难"},
{"n":"武侠","v":"武侠"},
{"n":"古装","v":"古装"},
{"n":"都市","v":"都市"},
{"n":"情景","v":"情景"},
{"n":"家庭","v":"家庭"}
]
},
{
"key":"area",
"name":"地区",
"value":[
{"n":"全部","v":""},
{"n":"中国大陆","v":"中国大陆"},
{"n":"中国香港","v":"中国香港"},
{"n":"中国台湾","v":"中国台湾"},
{"n":"美国","v":"美国"},
{"n":"英国","v":"英国"},
{"n":"日本","v":"日本"},
{"n":"韩国","v":"韩国"},
{"n":"泰国","v":"泰国"},
{"n":"印度","v":"印度"},
{"n":"新加坡","v":"新加坡"},
{"n":"西班牙","v":"西班牙"},
{"n":"马来西亚","v":"马来西亚"},
{"n":"澳大利亚","v":"澳大利亚"}
]
},
{
"key":"year",
"name":"年份",
"value":[
{"n":"全部","v":""},
{"n":"2022","v":"2022"},
{"n":"2021","v":"2021"},
{"n":"2020","v":"2020"},
{"n":"2019","v":"2019"},
{"n":"2018","v":"2018"},
{"n":"2017","v":"2017"},
{"n":"2016","v":"2016"},
{"n":"2015","v":"2015"},
{"n":"2014","v":"2014"},
{"n":"2013","v":"2013"},
{"n":"2012","v":"2012"},
{"n":"2011","v":"2011"},
{"n":"2010","v":"2010"},
{"n":"2009","v":"2009"},
{"n":"2008","v":"2008"},
{"n":"2007","v":"2007"},
{"n":"2006","v":"2006"},
{"n":"2005","v":"2005"}
]
},
{
"key":"by",
"name":"排序",
"value":[
{"n":"全部","v":""},
{"n":"更新时间","v":"time"},
{"n":"热门","v":"hits"},
{"n":"实时热门","v":"hits_day"},
{"n":"今日热播","v":"hits_week"},
{"n":"新片上线","v":"year"}
]
}
],
"zongyi":[
{
"key":"class",
"name":"剧情",
"value":[
{"n":"全部","v":""},
{"n":"音乐","v":"音乐"},
{"n":"歌舞","v":"歌舞"},
{"n":"运动","v":"运动"},
{"n":"真人秀","v":"真人秀"},
{"n":"旅游","v":"游戏"},
{"n":"美食","v":"美食"}
]
},
{
"key":"area",
"name":"地区",
"value":[
{"n":"全部","v":""},
{"n":"中国大陆","v":"中国大陆"},
{"n":"中国香港","v":"中国香港"},
{"n":"中国台湾","v":"中国台湾"},
{"n":"美国","v":"美国"},
{"n":"日本","v":"日本"},
{"n":"韩国","v":"韩国"}
]
},
{
"key":"year",
"name":"年份",
"value":[
{"n":"全部","v":""},
{"n":"2022","v":"2022"},
{"n":"2021","v":"2021"},
{"n":"2020","v":"2020"},
{"n":"2019","v":"2019"},
{"n":"2018","v":"2018"},
{"n":"2017","v":"2017"},
{"n":"2016","v":"2016"},
{"n":"2015","v":"2015"},
{"n":"2014","v":"2014"},
{"n":"2013","v":"2013"},
{"n":"2012","v":"2012"},
{"n":"2011","v":"2011"},
{"n":"2010","v":"2010"},
{"n":"2009","v":"2009"},
{"n":"2008","v":"2008"},
{"n":"2007","v":"2007"},
{"n":"2006","v":"2006"},
{"n":"2005","v":"2005"}
]
},
{
"key":"by",
"name":"排序",
"value":[
{"n":"全部","v":""},
{"n":"更新时间","v":"time"},
{"n":"热门","v":"hits"},
{"n":"实时热门","v":"hits_day"},
{"n":"今日热播","v":"hits_week"},
{"n":"新片上线","v":"year"}
]
}
],
"dongman":[
{
"key":"class",
"name":"剧情",
"value":[
{"n":"全部","v":""},
{"n":"剧情","v":"剧情"},
{"n":"喜剧","v":"喜剧"},
{"n":"动作","v":"动作"},
{"n":"爱情","v":"爱情"},
{"n":"科幻","v":"科幻"},
{"n":"动画","v":"动画"},
{"n":"悬疑","v":"悬疑"},
{"n":"惊悚","v":"惊悚"},
{"n":"恐怖","v":"恐怖"},
{"n":"犯罪","v":"犯罪"},
{"n":"同性","v":"同性"},
{"n":"战争","v":"战争"},
{"n":"冒险","v":"冒险"},
{"n":"灾难","v":"灾难"}
]
},
{
"key":"area",
"name":"地区",
"value":[
{"n":"全部","v":""},
{"n":"中国大陆","v":"中国大陆"},
{"n":"中国香港","v":"中国香港"},
{"n":"中国台湾","v":"中国台湾"},
{"n":"日本","v":"日本"},
{"n":"美国","v":"美国"},
{"n":"英国","v":"英国"}
]
},
{
"key":"year",
"name":"年份",
"value":[
{"n":"全部","v":""},
{"n":"2022","v":"2022"},
{"n":"2021","v":"2021"},
{"n":"2020","v":"2020"},
{"n":"2019","v":"2019"},
{"n":"2018","v":"2018"},
{"n":"2017","v":"2017"},
{"n":"2016","v":"2016"},
{"n":"2015","v":"2015"},
{"n":"2014","v":"2014"},
{"n":"2013","v":"2013"},
{"n":"2012","v":"2012"},
{"n":"2011","v":"2011"},
{"n":"2010","v":"2010"},
{"n":"2009","v":"2009"},
{"n":"2008","v":"2008"},
{"n":"2007","v":"2007"},
{"n":"2006","v":"2006"},
{"n":"2005","v":"2005"}
]
},
{
"key":"by",
"name":"排序",
"value":[
{"n":"全部","v":""},
{"n":"更新时间","v":"time"},
{"n":"热门","v":"hits"},
{"n":"实时热门","v":"hits_day"},
{"n":"今日热播","v":"hits_week"},
{"n":"新片上线","v":"year"}
]
}
],
"jilupian":[
{
"key":"class",
"name":"剧情",
"value":[
{"n":"全部","v":""},
{"n":"传记","v":"传记"},
{"n":"历史","v":"历史"},
{"n":"纪录","v":"纪录"}
]
},
{
"key":"area",
"name":"地区",
"value":[
{"n":"全部","v":""},
{"n":"中国大陆","v":"中国大陆"},
{"n":"中国香港","v":"中国香港"},
{"n":"中国台湾","v":"中国台湾"},
{"n":"日本","v":"日本"},
{"n":"美国","v":"美国"}
]
},
{
"key":"year",
"name":"年份",
"value":[
{"n":"全部","v":""},
{"n":"2022","v":"2022"},
{"n":"2021","v":"2021"},
{"n":"2020","v":"2020"},
{"n":"2019","v":"2019"},
{"n":"2018","v":"2018"},
{"n":"2017","v":"2017"},
{"n":"2016","v":"2016"},
{"n":"2015","v":"2015"},
{"n":"2014","v":"2014"},
{"n":"2013","v":"2013"},
{"n":"2012","v":"2012"},
{"n":"2011","v":"2011"},
{"n":"2010","v":"2010"},
{"n":"2009","v":"2009"},
{"n":"2008","v":"2008"},
{"n":"2007","v":"2007"},
{"n":"2006","v":"2006"},
{"n":"2005","v":"2005"}
]
},
{
"key":"by",
"name":"排序",
"value":[
{"n":"全部","v":""},
{"n":"更新时间","v":"time"},
{"n":"热门","v":"hits"},
{"n":"实时热门","v":"hits_day"},
{"n":"今日热播","v":"hits_week"},
{"n":"新片上线","v":"year"}
]
}
],
"waipian":[
{
"key":"class",
"name":"剧情",
"value":[
{"n":"全部","v":""},
{"n":"同性","v":"同性"},
{"n":"伦理","v":"伦理"}
]
},
{
"key":"area",
"name":"地区",
"value":[
{"n":"全部","v":""},
{"n":"中国大陆","v":"中国大陆"},
{"n":"中国香港","v":"中国香港"},
{"n":"中国台湾","v":"中国台湾"},
{"n":"美国","v":"美国"},
{"n":"法国","v":"法国"},
{"n":"英国","v":"英国"},
{"n":"日本","v":"日本"},
{"n":"韩国","v":"韩国"},
{"n":"泰国","v":"泰国"},
{"n":"印度","v":"印度"},
{"n":"新加坡","v":"新加坡"},
{"n":"俄罗斯","v":"俄罗斯"},
{"n":"加拿大","v":"西班牙"},
{"n":"西班牙","v":"加拿大"},
{"n":"马来西亚","v":"马来西亚"},
{"n":"澳大利亚","v":"澳大利亚"}
]
},
{
"key":"year",
"name":"年份",
"value":[
{"n":"全部","v":""},
{"n":"2022","v":"2022"},
{"n":"2021","v":"2021"},
{"n":"2020","v":"2020"},
{"n":"2019","v":"2019"},
{"n":"2018","v":"2018"},
{"n":"2017","v":"2017"},
{"n":"2016","v":"2016"},
{"n":"2015","v":"2015"},
{"n":"2014","v":"2014"},
{"n":"2013","v":"2013"},
{"n":"2012","v":"2012"},
{"n":"2011","v":"2011"},
{"n":"2010","v":"2010"},
{"n":"2009","v":"2009"},
{"n":"2008","v":"2008"},
{"n":"2007","v":"2007"},
{"n":"2006","v":"2006"},
{"n":"2005","v":"2005"}
]
},
{
"key":"by",
"name":"排序",
"value":[
{"n":"全部","v":""},
{"n":"更新时间","v":"time"},
{"n":"热门","v":"hits"},
{"n":"实时热门","v":"hits_day"},
{"n":"今日热播","v":"hits_week"},
{"n":"新片上线","v":"year"}
]
}
]
}
}