{
"站名":"看了么",
"热门推荐":"1",
"主页url":"https://www.ksksl.com/",
"数组":"<li class=\"dx-vod\"&&</li>",
"图片":"data-original=\"&&\"",
"标题":"title=\"&&\"",
"链接":"href=\"&&\"",
"副标题":"<span class=\"vod_remarks\">&&</span>",
"搜索url":"https://www.ksksl.com/ch/page/{pg}/wd/{wd}.html",
"搜索模式":"1",
"搜索数组":"<li class=\"dx-vod\"&&</li>",
"搜索图片":"data-original=\"&&\"",
"搜索标题":"title=\"&&\"",
"搜索链接":"href=\"&&\"",
"搜索副标题":"<span class=\"vod_remarks\">&&</span>",
"线路数组":"player_info\">&&/h2>",
"线路标题":">&&<",
"播放数组":"play_li fn-clear&&</div>",
"影片类型":"制片&&立即播放",
"导演":"导演：&&</div>",
"主演":"主演：&&</div>",
"简介":"vod_content\"&&<br>",
"分类":"电影$dy#电视剧$tv#综艺$zy#动漫$dm#记录片$jl",
"分类url":"https://www.ksksl.com/show/{cateId}/area/{area}/class/{class}/by/{by}/lang/{lang}/page/{catePg}/year/{year}.html",
"筛选":{
"dy":[{
"key":"class",
"name":"剧情",
"value":[
{"n":"全部","v":""},
{"n":"喜剧","v":"喜剧"},
{"n":"爱情","v":"爱情"},
{"n":"恐怖","v":"恐怖"},
{"n":"动作","v":"动作"},
{"n":"科幻","v":"科幻"},
{"n":"剧情","v":"剧情"},
{"n":"战争","v":"战争"},
{"n":"警匪","v":"警匪"},
{"n":"犯罪","v":"犯罪"},
{"n":"动画","v":"动画"},
{"n":"奇幻","v":"奇幻"},
{"n":"魔幻","v":"魔幻"},
{"n":"武侠","v":"武侠"},
{"n":"冒险","v":"冒险"},
{"n":"枪战","v":"枪战"},
{"n":"悬疑","v":"悬疑"},
{"n":"惊悚","v":"惊悚"},
{"n":"历史","v":"历史"},
{"n":"运动","v":"运动"},
{"n":"灾难","v":"灾难"},
{"n":"西部","v":"西部"},
{"n":"传记","v":"传记"},
{"n":"记录","v":"记录"}
]
},
{
"key":"area",
"name":"地区",
"value":[
{"n":"全部","v":""},
{"n":"中国大陆","v":"中国大陆"},
{"n":"中国香港","v":"中国香港"},
{"n":"中国台湾","v":"中国台湾"},
{"n":"美国","v":"美国"},
{"n":"法国","v":"法国"},
{"n":"英国","v":"英国"},
{"n":"日本","v":"日本"},
{"n":"韩国","v":"韩国"},
{"n":"德国","v":"德国"},
{"n":"泰国","v":"泰国"},
{"n":"印度","v":"印度"},
{"n":"意大利","v":"意大利"},
{"n":"西班牙","v":"西班牙"},
{"n":"加拿大","v":"加拿大"},
{"n":"其他","v":"其他"}
]
},
{
"key":"lang",
"name":"语言",
"value":[
{"n":"全部","v":""},
{"n":"国语","v":"国语"},
{"n":"英语","v":"英语"},
{"n":"粤语","v":"粤语"},
{"n":"闽南语","v":"闽南语"},
{"n":"韩语","v":"韩语"},
{"n":"日语","v":"日语"},
{"n":"法语","v":"法语"},
{"n":"德语","v":"德语"},
{"n":"其它","v":"其它"}
]
},
{
"key":"year",
"name":"年份",
"value":[
{"n":"全部","v":""},
{"n":"2022","v":"2022"},
{"n":"2021","v":"2021"},
{"n":"2020","v":"2020"},
{"n":"2019","v":"2019"},
{"n":"2018","v":"2018"},
{"n":"2017","v":"2017"},
{"n":"2016","v":"2016"},
{"n":"2015","v":"2015"},
{"n":"2014","v":"2014"},
{"n":"2013","v":"2013"},
{"n":"2012","v":"2012"},
{"n":"2011","v":"2011"},
{"n":"2010","v":"2010"},
{"n":"2009","v":"2009"},
{"n":"2008","v":"2008"},
{"n":"2007","v":"2007"},
{"n":"2006","v":"2006"},
{"n":"2005","v":"2005"},
{"n":"2004","v":"2004"},
{"n":"2003","v":"2003"},
{"n":"2002","v":"2002"},
{"n":"2001","v":"2001"},
{"n":"2000","v":"2000"},
{"n":"1999","v":"1999"},
{"n":"1998","v":"1998"},
{"n":"1997","v":"1997"},
{"n":"1996","v":"1996"},
{"n":"1995","v":"1995"},
{"n":"1994","v":"1994"},
{"n":"1993","v":"1993"},
{"n":"1992","v":"1992"},
{"n":"1991","v":"1991"},
{"n":"1990","v":"1990"},
{"n":"1989","v":"1989"},
{"n":"1988","v":"1988"},
{"n":"1987","v":"1987"},
{"n":"1986","v":"1986"},
{"n":"1985","v":"1985"},
{"n":"1984","v":"1984"},
{"n":"1983","v":"1983"},
{"n":"1982","v":"1982"},
{"n":"1981","v":"1981"},
{"n":"1980","v":"1980"},
{"n":"1979","v":"1979"},
{"n":"1978","v":"1978"},
{"n":"1977","v":"1977"},
{"n":"1976","v":"1976"},
{"n":"1975","v":"1975"},
{"n":"1974","v":"1974"},
{"n":"1973","v":"1973"},
{"n":"1972","v":"1972"},
{"n":"1971","v":"1971"},
{"n":"1970","v":"1970"},
{"n":"1969","v":"1969"},
{"n":"1968","v":"1968"},
{"n":"1967","v":"1967"},
{"n":"1966","v":"1966"},
{"n":"1965","v":"1965"},
{"n":"1964","v":"1964"},
{"n":"1963","v":"1963"},
{"n":"1962","v":"1962"},
{"n":"1961","v":"1961"},
{"n":"1960","v":"1960"},
{"n":"1959","v":"1959"},
{"n":"1958","v":"1958"},
{"n":"1957","v":"1957"},
{"n":"1955","v":"1955"},
{"n":"1955","v":"1955"},
{"n":"1954","v":"1954"},
{"n":"1953","v":"1953"},
{"n":"1952","v":"1952"},
{"n":"1951","v":"1951"},
{"n":"1950","v":"1950"},
{"n":"1949","v":"1949"},
{"n":"1948","v":"1948"},
{"n":"1947","v":"1947"},
{"n":"1944","v":"1944"},
{"n":"1944","v":"1944"},
{"n":"1944","v":"1944"},
{"n":"1943","v":"1943"},
{"n":"1942","v":"1942"},
{"n":"1941","v":"1941"},
{"n":"1940","v":"1940"}
]
},
{
"key":"by",
"name":"排序",
"value":[
{"n":"全部","v":""},
{"n":"时间","v":"time"},
{"n":"人气","v":"hits"},
{"n":"评分","v":"score"}
]
}
],
"tv":[
{
"key":"class",
"name":"剧情",
"value":[
{"n":"全部","v":""},
{"n":"古装","v":"古装"},
{"n":"战争","v":"战争"},
{"n":"神话","v":"神话"},
{"n":"科幻","v":"科幻"},
{"n":"奇幻","v":"奇幻"},
{"n":"偶像","v":"偶像"},
{"n":"喜剧","v":"喜剧"},
{"n":"家庭","v":"家庭"},
{"n":"警匪","v":"警匪"},
{"n":"谍战","v":"谍战"},
{"n":"军事","v":"军事"},
{"n":"武侠","v":"武侠"},
{"n":"悬疑","v":"悬疑"},
{"n":"犯罪","v":"犯罪"},
{"n":"恐怖","v":"恐怖"},
{"n":"惊悚","v":"惊悚"},
{"n":"历史","v":"历史"},
{"n":"农村","v":"农村"},
{"n":"都市","v":"都市"},
{"n":"言情","v":"言情"},
{"n":"少儿","v":"少儿"},
{"n":"搞笑","v":"搞笑"},
{"n":"年代","v":"年代"},
{"n":"爱情","v":"爱情"},
{"n":"剧情","v":"剧情"}
]
},
{
"key":"area",
"name":"地区",
"value":[
{"n":"全部","v":""},
{"n":"中国大陆","v":"中国大陆"},
{"n":"中国香港","v":"中国香港"},
{"n":"中国台湾","v":"中国台湾"},
{"n":"美国","v":"美国"},
{"n":"法国","v":"法国"},
{"n":"英国","v":"英国"},
{"n":"日本","v":"日本"},
{"n":"韩国","v":"韩国"},
{"n":"德国","v":"德国"},
{"n":"泰国","v":"泰国"},
{"n":"印度","v":"印度"},
{"n":"意大利","v":"意大利"},
{"n":"西班牙","v":"西班牙"},
{"n":"加拿大","v":"加拿大"},
{"n":"其他","v":"其他"}
]
},
{
"key":"lang",
"name":"语言",
"value":[
{"n":"全部","v":""},
{"n":"国语","v":"国语"},
{"n":"英语","v":"英语"},
{"n":"粤语","v":"粤语"},
{"n":"闽南语","v":"闽南语"},
{"n":"韩语","v":"韩语"},
{"n":"日语","v":"日语"},
{"n":"法语","v":"法语"},
{"n":"德语","v":"德语"},
{"n":"其它","v":"其它"}
]
},
{
"key":"year",
"name":"年份",
"value":[
{"n":"全部","v":""},
{"n":"2022","v":"2022"},
{"n":"2021","v":"2021"},
{"n":"2020","v":"2020"},
{"n":"2019","v":"2019"},
{"n":"2018","v":"2018"},
{"n":"2017","v":"2017"},
{"n":"2016","v":"2016"},
{"n":"2015","v":"2015"},
{"n":"2014","v":"2014"},
{"n":"2013","v":"2013"},
{"n":"2012","v":"2012"},
{"n":"2011","v":"2011"},
{"n":"2010","v":"2010"},
{"n":"2009","v":"2009"},
{"n":"2008","v":"2008"},
{"n":"2007","v":"2007"},
{"n":"2006","v":"2006"},
{"n":"2005","v":"2005"},
{"n":"2004","v":"2004"},
{"n":"2003","v":"2003"},
{"n":"2002","v":"2002"},
{"n":"2001","v":"2001"},
{"n":"2000","v":"2000"},
{"n":"1999","v":"1999"},
{"n":"1998","v":"1998"},
{"n":"1997","v":"1997"},
{"n":"1996","v":"1996"},
{"n":"1995","v":"1995"},
{"n":"1994","v":"1994"},
{"n":"1993","v":"1993"},
{"n":"1992","v":"1992"},
{"n":"1991","v":"1991"},
{"n":"1990","v":"1990"},
{"n":"1989","v":"1989"},
{"n":"1988","v":"1988"},
{"n":"1987","v":"1987"},
{"n":"1986","v":"1986"},
{"n":"1985","v":"1985"},
{"n":"1984","v":"1984"},
{"n":"1983","v":"1983"},
{"n":"1982","v":"1982"},
{"n":"1981","v":"1981"},
{"n":"1980","v":"1980"},
{"n":"1979","v":"1979"},
{"n":"1978","v":"1978"},
{"n":"1977","v":"1977"},
{"n":"1976","v":"1976"},
{"n":"1975","v":"1975"},
{"n":"1974","v":"1974"},
{"n":"1973","v":"1973"},
{"n":"1972","v":"1972"},
{"n":"1971","v":"1971"},
{"n":"1970","v":"1970"},
{"n":"1969","v":"1969"},
{"n":"1968","v":"1968"},
{"n":"1967","v":"1967"},
{"n":"1966","v":"1966"},
{"n":"1965","v":"1965"},
{"n":"1964","v":"1964"},
{"n":"1963","v":"1963"},
{"n":"1962","v":"1962"},
{"n":"1961","v":"1961"},
{"n":"1960","v":"1960"},
{"n":"1959","v":"1959"}
]
},
{
"key":"by",
"name":"排序",
"value":[
{"n":"全部","v":""},
{"n":"时间","v":"time"},
{"n":"人气","v":"hits"},
{"n":"评分","v":"score"}
]
}
],
"zy":[
{
"key":"class",
"name":"剧情",
"value":[
{"n":"全部","v":""},
{"n":"真人秀","v":"真人秀"},
{"n":"口秀","v":"口秀"},
{"n":"选秀","v":"选秀"},
{"n":"情感","v":"情感"},
{"n":"访谈","v":"访谈"},
{"n":"旅游","v":"旅游"},
{"n":"音乐","v":"音乐"},
{"n":"美食","v":"美食"},
{"n":"纪实","v":"纪实"},
{"n":"曲艺","v":"曲艺"},
{"n":"搞笑","v":"搞笑"},
{"n":"生活","v":"生活"},
{"n":"游戏","v":"游戏"},
{"n":"歌舞","v":"歌舞"},
{"n":"时尚","v":"时尚"},
{"n":"益智","v":"益智"},
{"n":"职场","v":"职场"},
{"n":"少儿","v":"少儿"},
{"n":"盛会","v":"盛会"}
]
},
{
"key":"area",
"name":"地区",
"value":[
{"n":"全部","v":""},
{"n":"中国大陆","v":"中国大陆"},
{"n":"中国香港","v":"中国香港"},
{"n":"中国台湾","v":"中国台湾"},
{"n":"美国","v":"美国"},
{"n":"法国","v":"法国"},
{"n":"英国","v":"英国"},
{"n":"日本","v":"日本"},
{"n":"韩国","v":"韩国"},
{"n":"德国","v":"德国"},
{"n":"泰国","v":"泰国"},
{"n":"印度","v":"印度"},
{"n":"意大利","v":"意大利"},
{"n":"西班牙","v":"西班牙"},
{"n":"加拿大","v":"加拿大"},
{"n":"其他","v":"其他"}
]
},
{
"key":"lang",
"name":"语言",
"value":[
{"n":"全部","v":""},
{"n":"国语","v":"国语"},
{"n":"英语","v":"英语"},
{"n":"粤语","v":"粤语"},
{"n":"闽南语","v":"闽南语"},
{"n":"韩语","v":"韩语"},
{"n":"日语","v":"日语"},
{"n":"其它","v":"其他"}
]
},
{
"key":"year",
"name":"年份",
"value":[
{"n":"全部","v":""},
{"n":"2022","v":"2022"},
{"n":"2021","v":"2021"},
{"n":"2020","v":"2020"},
{"n":"2019","v":"2019"},
{"n":"2018","v":"2018"},
{"n":"2017","v":"2017"},
{"n":"2016","v":"2016"},
{"n":"2015","v":"2015"},
{"n":"2014","v":"2014"},
{"n":"2013","v":"2013"},
{"n":"2012","v":"2012"},
{"n":"2011","v":"2011"},
{"n":"2010","v":"2010"},
{"n":"2009","v":"2009"},
{"n":"2008","v":"2008"},
{"n":"2007","v":"2007"},
{"n":"2006","v":"2006"},
{"n":"2005","v":"2005"},
{"n":"2004","v":"2004"},
{"n":"2003","v":"2003"},
{"n":"2002","v":"2002"},
{"n":"2001","v":"2001"},
{"n":"2000","v":"2000"},
{"n":"1999","v":"1999"},
{"n":"1998","v":"1998"},
{"n":"1997","v":"1997"},
{"n":"1996","v":"1996"},
{"n":"1995","v":"1995"},
{"n":"1994","v":"1994"},
{"n":"1993","v":"1993"},
{"n":"1992","v":"1992"},
{"n":"1991","v":"1991"},
{"n":"1990","v":"1990"}
]
},
{
"key":"by",
"name":"排序",
"value":[
{"n":"全部","v":""},
{"n":"时间","v":"time"},
{"n":"人气","v":"hits"},
{"n":"评分","v":"score"}
]
}
],
"dm":[
{
"key":"class",
"name":"剧情",
"value":[
{"n":"全部","v":""},
{"n":"热血","v":"热血"},
{"n":"科幻","v":"科幻"},
{"n":"推理","v":"推理"},
{"n":"搞笑","v":"搞笑"},
{"n":"冒险","v":"冒险"},
{"n":"校园","v":"校园"},
{"n":"动作","v":"动作"},
{"n":"机战","v":"机战"},
{"n":"运动","v":"运动"},
{"n":"战争","v":"战争"},
{"n":"少年","v":"少年"},
{"n":"少女","v":"少女"},
{"n":"社会","v":"社会"},
{"n":"原创","v":"原创"},
{"n":"亲子","v":"亲子"},
{"n":"益智","v":"益智"},
{"n":"励志","v":"励志"},
{"n":"其他","v":"其他"}
]
},
{
"key":"area",
"name":"地区",
"value":[
{"n":"全部","v":""},
{"n":"中国大陆","v":"中国大陆"},
{"n":"日本","v":"日本"},
{"n":"欧美","v":"欧美"},
{"n":"其他","v":"其他"}
]
},
{
"key":"lang",
"name":"语言",
"value":[
{"n":"全部","v":""},
{"n":"国语","v":"国语"},
{"n":"英语","v":"英语"},
{"n":"粤语","v":"粤语"},
{"n":"闽南语","v":"闽南语"},
{"n":"韩语","v":"韩语"},
{"n":"日语","v":"日语"},
{"n":"其它","v":"其他"}
]
},
{
"key":"year",
"name":"年份",
"value":[
{"n":"全部","v":""},
{"n":"2022","v":"2022"},
{"n":"2021","v":"2021"},
{"n":"2020","v":"2020"},
{"n":"2019","v":"2019"},
{"n":"2018","v":"2018"},
{"n":"2017","v":"2017"},
{"n":"2016","v":"2016"},
{"n":"2015","v":"2015"},
{"n":"2014","v":"2014"},
{"n":"2013","v":"2013"},
{"n":"2012","v":"2012"},
{"n":"2011","v":"2011"},
{"n":"2010","v":"2010"},
{"n":"2009","v":"2009"},
{"n":"2008","v":"2008"},
{"n":"2007","v":"2007"},
{"n":"2006","v":"2006"},
{"n":"2005","v":"2005"},
{"n":"2004","v":"2004"},
{"n":"2003","v":"2003"},
{"n":"2002","v":"2002"},
{"n":"2001","v":"2001"},
{"n":"2000","v":"2000"},
{"n":"1999","v":"1999"},
{"n":"1998","v":"1998"},
{"n":"1997","v":"1997"},
{"n":"1996","v":"1996"},
{"n":"1995","v":"1995"},
{"n":"1994","v":"1994"},
{"n":"1993","v":"1993"},
{"n":"1992","v":"1992"},
{"n":"1991","v":"1991"},
{"n":"1990","v":"1990"}
]
},
{
"key":"by",
"name":"排序",
"value":[
{"n":"全部","v":""},
{"n":"时间","v":"time"},
{"n":"人气","v":"hits"},
{"n":"评分","v":"score"}
]
}
],
"jl":[
{
"key":"class",
"name":"剧情",
"value":[
{"n":"全部","v":""},
{"n":"社会","v":"社会"},
{"n":"文化","v":"文化"},
{"n":"动物","v":"动物"},
{"n":"自然","v":"自然"},
{"n":"人文","v":"人文"},
{"n":"军事","v":"军事"},
{"n":"历史","v":"历史"},
{"n":"记录","v":"记录"}
]
},
{
"key":"area",
"name":"地区",
"value":[
{"n":"全部","v":""},
{"n":"中国大陆","v":"中国大陆"},
{"n":"日本","v":"日本"},
{"n":"美国","v":"美国"},
{"n":"国外","v":"国外"},
{"n":"其他","v":"其他"}
]
},
{
"key":"lang",
"name":"语言",
"value":[
{"n":"全部","v":""},
{"n":"国语","v":"国语"},
{"n":"英语","v":"英语"},
{"n":"粤语","v":"粤语"},
{"n":"闽南语","v":"闽南语"},
{"n":"韩语","v":"韩语"},
{"n":"日语","v":"日语"},
{"n":"其它","v":"其他"}
]
},
{
"key":"year",
"name":"年份",
"value":[
{"n":"全部","v":""},
{"n":"2022","v":"2022"},
{"n":"2021","v":"2021"},
{"n":"2020","v":"2020"},
{"n":"2019","v":"2019"},
{"n":"2018","v":"2018"},
{"n":"2017","v":"2017"},
{"n":"2016","v":"2016"},
{"n":"2015","v":"2015"},
{"n":"2014","v":"2014"},
{"n":"2013","v":"2013"},
{"n":"2012","v":"2012"},
{"n":"2011","v":"2011"},
{"n":"2010","v":"2010"},
{"n":"2009","v":"2009"},
{"n":"2008","v":"2008"},
{"n":"2007","v":"2007"},
{"n":"2006","v":"2006"},
{"n":"2005","v":"2005"},
{"n":"2004","v":"2004"},
{"n":"2003","v":"2003"},
{"n":"2002","v":"2002"},
{"n":"2001","v":"2001"},
{"n":"2000","v":"2000"},
{"n":"1999","v":"1999"},
{"n":"1998","v":"1998"},
{"n":"1997","v":"1997"},
{"n":"1996","v":"1996"},
{"n":"1995","v":"1995"},
{"n":"1994","v":"1994"},
{"n":"1993","v":"1993"},
{"n":"1992","v":"1992"},
{"n":"1991","v":"1991"},
{"n":"1990","v":"1990"}
]
},
{
"key":"by",
"name":"排序",
"value":[
{"n":"全部","v":""},
{"n":"时间","v":"time"},
{"n":"人气","v":"hits"},
{"n":"评分","v":"score"}
]
}
]
}
}