{
  "作者": "那里花开",
  "站名": "稀饭影视",
  "主页url": "https://www.xifanys.com",
  "分类": "电影$dianying#电视剧$lianxuju#综艺$zongyi#动漫$dongman",
  "分类url": "https://www.xifanys.com/yingpianshow/{cateId}-{area}-{by}-{class}-{lang}----{catePg}---{year}.html",
  "数组": "<div class=\"module-item&&</div>",
  "副标题":"class=\"module-item-caption\">&&</div>",
  "导演": "导演：&&</div>",
  "主演": "主演：&&</div>",
  "简介": "剧情：&&</div>",
  "影片类型": "<div class=\"scroll-box\">&&</div>",
  "线路数组": "data-dropdown-value=&&/div>",
  "线路标题": "<span>&&</small>",
  "播放数组": "<div class=\"sort-item\"&&</div>",
  "嗅探词":".m3u8#.mp4#.flv#.m4a#.avi#.mkv#.mov#.3gp#.asf#.rm#.rmvb#.wmv#.mpg#.mpeg#.mpe#.ts#.vob#.mp3#.wma",
  "筛选":{
  "dianying":[
  {"key":"class","name":"剧情","value":[
  {"n":"全部","v":""},
  {"n":"喜剧","v":"喜剧"},
  {"n":"爱情","v":"爱情"},
  {"n":"动作","v":"动作"},
  {"n":"恐怖","v":"恐怖"},
  {"n":"科幻","v":"科幻"},
  {"n":"惊悚","v":"惊悚"},
  {"n":"犯罪","v":"犯罪"},
  {"n":"奇幻","v":"奇幻"},
  {"n":"战争","v":"战争"},
  {"n":"悬疑","v":"悬疑"},
  {"n":"动画","v":"动画"},
  {"n":"文艺","v":"文艺"},
  {"n":"传记","v":"传记"},
  {"n":"歌舞","v":"歌舞"},
  {"n":"古装","v":"古装"},
  {"n":"警匪","v":"警匪"},
  {"n":"其他","v":"其他"}]},
  
  {"key":"area","name":"地区","value":[
  {"n":"全部","v":""},
  {"n":"中国","v":"中国"},
  {"n":"香港","v":"香港"},
  {"n":"台湾","v":"台湾"},
  {"n":"美国","v":"美国"},
  {"n":"韩国","v":"韩国"},
  {"n":"泰国","v":"泰国"},
  {"n":"日本","v":"日本"},
  {"n":"英国","v":"英国"},
  {"n":"新加坡","v":"新加坡"},
  {"n":"印度","v":"印度"},
  {"n":"意大利","v":"意大利"},
  {"n":"俄罗斯","v":"俄罗斯"},
  {"n":"其他","v":"其他"}]},
  
  {"key":"year","name":"年份","value":[
  {"n":"全部","v":""},
  {"n":"2023","v":"2023"},
  {"n":"2022","v":"2022"},
  {"n":"2021","v":"2021"},
  {"n":"2020","v":"2020"},
  {"n":"2019","v":"2019"},
  {"n":"2018","v":"2018"},
  {"n":"2017","v":"2017"},
  {"n":"2016","v":"2016"},
  {"n":"2015","v":"2015"},
  {"n":"2014","v":"2014"},
  {"n":"2013","v":"2013"},
  {"n":"2012","v":"2012"},
  {"n":"2011","v":"2011"},
  {"n":"2010","v":"2010"},
  {"n":"2009","v":"2009"},
  {"n":"2008","v":"2008"},
  {"n":"2007","v":"2007"},
  {"n":"2006","v":"2006"},
  {"n":"2005","v":"2005"},
  {"n":"2004","v":"2004"}]},
  
  {"key":"by","name":"排序","value":[
  {"n":"时间","v":"addtime"},
  {"n":"人气","v":"hits"}]}],
  
  "lianxuju":[
  {"key":"class","name":"剧情",
  "value":[
  {"n":"全部","v":""},
  {"n":"剧情","v":"剧情"},
  {"n":"爱情","v":"爱情"},
  {"n":"古装","v":"古装"},
  {"n":"武侠","v":"武侠"},
  {"n":"警匪","v":"警匪"},
  {"n":"军事","v":"军事"},
  {"n":"神话","v":"神话"},
  {"n":"科幻","v":"科幻"},
  {"n":"悬疑","v":"悬疑"},
  {"n":"历史","v":"历史"},
  {"n":"儿童","v":"儿童"},
  {"n":"农村","v":"农村"},
  {"n":"都市","v":"都市"},
  {"n":"家庭","v":"家庭"},
  {"n":"搞笑","v":"搞笑"},
  {"n":"偶像","v":"偶像"}]},
  
  {"key":"area","name":"地区","value":[
  {"n":"全部","v":""},
  {"n":"中国","v":"中国"},
  {"n":"香港","v":"香港"},
  {"n":"台湾","v":"台湾"},
  {"n":"韩国","v":"韩国"},
  {"n":"日本","v":"日本"},
  {"n":"美国","v":"美国"},
  {"n":"英国","v":"英国"},
  {"n":"泰国","v":"泰国"},
  {"n":"印度","v":"印度"},
  {"n":"新加坡","v":"新加坡"}]},
  
  {"key":"year","name":"年份","value":[
  {"n":"全部","v":""},
  {"n":"2023","v":"2023"},
  {"n":"2022","v":"2022"},
  {"n":"2021","v":"2021"},
  {"n":"2020","v":"2020"},
  {"n":"2019","v":"2019"},
  {"n":"2018","v":"2018"},
  {"n":"2017","v":"2017"},
  {"n":"2016","v":"2016"},
  {"n":"2015","v":"2015"},
  {"n":"2014","v":"2014"},
  {"n":"2013","v":"2013"},
  {"n":"2012","v":"2012"},
  {"n":"2011","v":"2011"},
  {"n":"2010","v":"2010"},
  {"n":"2009","v":"2009"},
  {"n":"2008","v":"2008"},
  {"n":"2007","v":"2007"},
  {"n":"2006","v":"2006"},
  {"n":"2005","v":"2005"},
  {"n":"2004","v":"2004"}]},
  
  {"key":"by","name":"排序","value":[
  {"n":"时间","v":"addtime"},
  {"n":"人气","v":"hits"}]}],
  
"zongyi":[
  {"key":"class","name":"剧情","value":[
  {"n":"全部","v":""},
  {"n":"搞笑","v":"搞笑"}]},
  
  {"key":"area","name":"地区","value":[
  {"n":"全部","v":""},
  {"n":"中国","v":"中国"},
  {"n":"香港","v":"香港"},
  {"n":"台湾","v":"台湾"},
  {"n":"韩国","v":"韩国"},
  {"n":"日本","v":"日本"},
  {"n":"美国","v":"美国"},
  {"n":"英国","v":"英国"},
  {"n":"泰国","v":"泰国"},
  {"n":"印度","v":"印度"},
  {"n":"新加坡","v":"新加坡"}]},
  
  {"key":"year","name":"年份","value":[
  {"n":"全部","v":""},
  {"n":"2022","v":"2022"},
  {"n":"2021","v":"2021"},
  {"n":"2020","v":"2020"},
  {"n":"2019","v":"2019"},
  {"n":"2018","v":"2018"},
  {"n":"2017","v":"2017"},
  {"n":"2016","v":"2016"},
  {"n":"2015","v":"2015"},
  {"n":"2014","v":"2014"},
  {"n":"2013","v":"2013"},
  {"n":"2012","v":"2012"},
  {"n":"2011","v":"2011"},
  {"n":"2010","v":"2010"},
  {"n":"2009","v":"2009"},
  {"n":"2008","v":"2008"},
  {"n":"2007","v":"2007"},
  {"n":"2006","v":"2006"},
  {"n":"2005","v":"2005"},
  {"n":"2004","v":"2004"}]},
  
  {"key":"by","name":"排序","value":[
  {"n":"时间","v":"addtime"},
  {"n":"人气","v":"hits"}]}],
  
  "dongman":[
  {"key":"class","name":"剧情","value":[
  {"n":"全部","v":""},
  {"n":"动画","v":"动画"},
  {"n":"动漫电影","v":"动漫电影"},
  {"n":"新番动漫","v":"新番动漫"}]},
  
  {"key":"area","name":"地区","value":[
  {"n":"全部","v":""},
  {"n":"中国","v":"中国"},
  {"n":"日本","v":"日本"},
  {"n":"欧美","v":"欧美"},
  {"n":"其他","v":"其他"}]},
  
  {"key":"year","name":"年份","value":[
  {"n":"全部","v":""},
  {"n":"2023","v":"2023"},
  {"n":"2022","v":"2022"},
  {"n":"2021","v":"2021"},
  {"n":"2020","v":"2020"},
  {"n":"2019","v":"2019"},
  {"n":"2018","v":"2018"},
  {"n":"2017","v":"2017"},
  {"n":"2016","v":"2016"},
  {"n":"2015","v":"2015"},
  {"n":"2014","v":"2014"},
  {"n":"2013","v":"2013"},
  {"n":"2012","v":"2012"},
  {"n":"2011","v":"2011"},
  {"n":"2010","v":"2010"},
  {"n":"2009","v":"2009"},
  {"n":"2008","v":"2008"},
  {"n":"2007","v":"2007"},
  {"n":"2006","v":"2006"},
  {"n":"2005","v":"2005"},
  {"n":"2004","v":"2004"}]},
  
  {"key":"by","name":"排序","value":[
  {"n":"时间","v":"addtime"},
  {"n":"人气","v":"hits"}]}]}
}